Child_ID,Child_Name,Parent_ID,Parent_Name,Group_ID,Group_Name
623.0,Art & Photography,320,English Books,8322,Nhà Sách Tiki
27.0,Biographies & Memoirs,320,English Books,8322,Nhà Sách Tiki
4.0,Business & Economics,320,English Books,8322,Nhà Sách Tiki
614.0,How-to - Self Help,320,English Books,8322,Nhà Sách Tiki
7.0,Children's Books,320,English Books,8322,Nhà Sách Tiki
282.0,Dictionary,320,English Books,8322,Nhà Sách Tiki
5308.0,Education - Teaching,320,English Books,8322,Nhà Sách Tiki
9.0,Fiction - Literature,320,English Books,8322,Nhà Sách Tiki
6445.0,Magazines,320,English Books,8322,Nhà Sách Tiki
218.0,Medical Books,320,English Books,8322,Nhà Sách Tiki
28.0,Parenting & Relationships,320,English Books,8322,Nhà Sách Tiki
5309.0,Reference,320,English Books,8322,Nhà Sách Tiki
269.0,Science - Technology,320,English Books,8322,Nhà Sách Tiki
632.0,"History, Politics & Social Sciences",320,English Books,8322,Nhà Sách Tiki
32.0,Travel & Holiday,320,English Books,8322,Nhà Sách Tiki
21.0,"Cookbooks, Food & Wine",320,English Books,8322,Nhà Sách Tiki
839.0,Sách văn học,316,Sách tiếng Việt,8322,Nhà Sách Tiki
846.0,Sách kinh tế,316,Sách tiếng Việt,8322,Nhà Sách Tiki
393.0,Sách thiếu nhi ,316,Sách tiếng Việt,8322,Nhà Sách Tiki
870.0,Sách kỹ năng sống,316,Sách tiếng Việt,8322,Nhà Sách Tiki
2527.0,Sách Bà mẹ - Em bé,316,Sách tiếng Việt,8322,Nhà Sách Tiki
2321.0,Sách Giáo Khoa - Giáo Trình,316,Sách tiếng Việt,8322,Nhà Sách Tiki
887.0,Sách Học Ngoại Ngữ,316,Sách tiếng Việt,8322,Nhà Sách Tiki
2320.0,Sách Tham Khảo,316,Sách tiếng Việt,8322,Nhà Sách Tiki
897.0,Từ Điển,316,Sách tiếng Việt,8322,Nhà Sách Tiki
873.0,Sách Kiến Thức Tổng Hợp,316,Sách tiếng Việt,8322,Nhà Sách Tiki
879.0,Sách Khoa Học - Kỹ Thuật,316,Sách tiếng Việt,8322,Nhà Sách Tiki
880.0,Sách Lịch sử,316,Sách tiếng Việt,8322,Nhà Sách Tiki
881.0,Điện Ảnh - Nhạc - Họa,316,Sách tiếng Việt,8322,Nhà Sách Tiki
1084.0,"Truyện Tranh, Manga, Comic",316,Sách tiếng Việt,8322,Nhà Sách Tiki
861.0,Sách Tôn Giáo - Tâm Linh,316,Sách tiếng Việt,8322,Nhà Sách Tiki
857.0,Sách Văn Hóa - Địa Lý - Du Lịch,316,Sách tiếng Việt,8322,Nhà Sách Tiki
875.0,Sách Chính Trị - Pháp Lý,316,Sách tiếng Việt,8322,Nhà Sách Tiki
882.0,Sách Nông - Lâm - Ngư Nghiệp,316,Sách tiếng Việt,8322,Nhà Sách Tiki
876.0,Sách Công Nghệ Thông Tin,316,Sách tiếng Việt,8322,Nhà Sách Tiki
885.0,Sách Y Học,316,Sách tiếng Việt,8322,Nhà Sách Tiki
1468.0,Tạp Chí - Catalogue,316,Sách tiếng Việt,8322,Nhà Sách Tiki
868.0,Sách Tâm lý - Giới tính,316,Sách tiếng Việt,8322,Nhà Sách Tiki
862.0,Sách Thường Thức - Gia Đình,316,Sách tiếng Việt,8322,Nhà Sách Tiki
6905.0,Thể Dục - Thể Thao,316,Sách tiếng Việt,8322,Nhà Sách Tiki
54978.0,1980Books,316,Sách tiếng Việt,8322,Nhà Sách Tiki
1862.0,Dụng Cụ Văn Phòng,7741,Văn phòng phẩm,8322,Nhà Sách Tiki
1858.0,Bút - Viết các loại,7741,Văn phòng phẩm,8322,Nhà Sách Tiki
2538.0,Bút Chì Màu - Bút Lông Màu - Sáp Màu,7741,Văn phòng phẩm,8322,Nhà Sách Tiki
2365.0,Dụng Cụ Học Sinh,7741,Văn phòng phẩm,8322,Nhà Sách Tiki
1910.0,Flashcards,7741,Văn phòng phẩm,8322,Nhà Sách Tiki
1899.0,Sổ Tay Các Loại,7741,Văn phòng phẩm,8322,Nhà Sách Tiki
1907.0,Tập vở các loại ,7741,Văn phòng phẩm,8322,Nhà Sách Tiki
2333.0,Văn Hóa Phẩm,7741,Văn phòng phẩm,8322,Nhà Sách Tiki
6210.0,Thiết Bị Giáo Dục Trường Học,7741,Văn phòng phẩm,8322,Nhà Sách Tiki
5674.0,Balo Học Sinh - Cặp học sinh,7741,Văn phòng phẩm,8322,Nhà Sách Tiki
2452.0,Máy Tính Điện Tử,7741,Văn phòng phẩm,8322,Nhà Sách Tiki
3892.0,Lịch,7741,Văn phòng phẩm,8322,Nhà Sách Tiki
16458.0,Bút Kỹ Thuật,7741,Văn phòng phẩm,8322,Nhà Sách Tiki
2368.0,Sản phẩm về giấy,7741,Văn phòng phẩm,8322,Nhà Sách Tiki
18398.0,Thiết bị văn phòng,7741,Văn phòng phẩm,8322,Nhà Sách Tiki
4624.0,Thú Nhồi Bông,18328,Quà lưu niệm,8322,Nhà Sách Tiki
6225.0,Bookmark,18328,Quà lưu niệm,8322,Nhà Sách Tiki
6541.0,Thiệp - Bưu ảnh,18328,Quà lưu niệm,8322,Nhà Sách Tiki
18330.0,Quà tặng trang sức,18328,Quà lưu niệm,8322,Nhà Sách Tiki
8264.0,Album - Khung Hình,18328,Quà lưu niệm,8322,Nhà Sách Tiki
18332.0,Mô hình trang trí,18328,Quà lưu niệm,8322,Nhà Sách Tiki
18334.0,Sticker - Decal trang trí,18328,Quà lưu niệm,8322,Nhà Sách Tiki
6246.0,Ly - Cốc,18328,Quà lưu niệm,8322,Nhà Sách Tiki
6226.0,Kẹp Ảnh Gỗ,18328,Quà lưu niệm,8322,Nhà Sách Tiki
18346.0,Hộp quà - Túi quà,18328,Quà lưu niệm,8322,Nhà Sách Tiki
6215.0,Tượng,18328,Quà lưu niệm,8322,Nhà Sách Tiki
8265.0,Móc Khóa - Phụ Kiện Trang Trí,18328,Quà lưu niệm,8322,Nhà Sách Tiki
6212.0,Đồng Hồ Cát,18328,Quà lưu niệm,8322,Nhà Sách Tiki
6213.0,Quả Cầu Tuyết,18328,Quà lưu niệm,8322,Nhà Sách Tiki
6214.0,Hộp Nhạc,18328,Quà lưu niệm,8322,Nhà Sách Tiki
18342.0,Phụ kiện - Vật liệu trang trí,18328,Quà lưu niệm,8322,Nhà Sách Tiki
18344.0,Quà tặng trang trí khác,18328,Quà lưu niệm,8322,Nhà Sách Tiki
25706.0,Gương mini,18328,Quà lưu niệm,8322,Nhà Sách Tiki
1934.0,Ấm nước các loại,1951,Dụng cụ nhà bếp,1883,Nhà Cửa - Đời Sống
23128.0,Dụng cụ chứa đựng thực phẩm,1951,Dụng cụ nhà bếp,1883,Nhà Cửa - Đời Sống
8319.0,"Dao, kéo và phụ kiện",1951,Dụng cụ nhà bếp,1883,Nhà Cửa - Đời Sống
5433.0,Dụng cụ làm bánh,1951,Dụng cụ nhà bếp,1883,Nhà Cửa - Đời Sống
6305.0,Kệ nhà bếp,1951,Dụng cụ nhà bếp,1883,Nhà Cửa - Đời Sống
11808.0,Bếp và dụng cụ nướng,1951,Dụng cụ nhà bếp,1883,Nhà Cửa - Đời Sống
1986.0,Phụ kiện nhà bếp,1951,Dụng cụ nhà bếp,1883,Nhà Cửa - Đời Sống
53052.0,Nồi và chảo,1951,Dụng cụ nhà bếp,1883,Nhà Cửa - Đời Sống
6963.0,"Bình nước, bình giữ nhiệt & Phụ kiện",1954,Đồ dùng phòng ăn,1883,Nhà Cửa - Đời Sống
2014.0,"Bình lọc, lõi lọc, thiết bị lọc nước",1954,Đồ dùng phòng ăn,1883,Nhà Cửa - Đời Sống
3990.0,"Bình, ly uống trà và phụ kiện",1954,Đồ dùng phòng ăn,1883,Nhà Cửa - Đời Sống
23304.0,"Bình, ly uống cà phê và phụ kiện",1954,Đồ dùng phòng ăn,1883,Nhà Cửa - Đời Sống
3177.0,"Ly, cốc & phụ kiện ly",1954,Đồ dùng phòng ăn,1883,Nhà Cửa - Đời Sống
3179.0,"Đũa, muỗng, nĩa",1954,Đồ dùng phòng ăn,1883,Nhà Cửa - Đời Sống
23322.0,Dụng cụ pha chế,1954,Đồ dùng phòng ăn,1883,Nhà Cửa - Đời Sống
3180.0,Phụ kiện phòng ăn,1954,Đồ dùng phòng ăn,1883,Nhà Cửa - Đời Sống
3178.0,"Tô, chén, dĩa",1954,Đồ dùng phòng ăn,1883,Nhà Cửa - Đời Sống
23346.0,"Bộ ga, ra, drap",8313,Đồ dùng phòng ngủ,1883,Nhà Cửa - Đời Sống
23352.0,"Chăn, mền và phụ kiện",8313,Đồ dùng phòng ngủ,1883,Nhà Cửa - Đời Sống
6724.0,"Gối, ruột gối, vỏ gối",8313,Đồ dùng phòng ngủ,1883,Nhà Cửa - Đời Sống
6723.0,Nệm và phụ kiện,8313,Đồ dùng phòng ngủ,1883,Nhà Cửa - Đời Sống
8314.0,Phụ kiện phòng ngủ,8313,Đồ dùng phòng ngủ,1883,Nhà Cửa - Đời Sống
23570.0,Nội thất phòng khách,2150,Nội thất,1883,Nhà Cửa - Đời Sống
23598.0,Nội thất phòng ngủ,2150,Nội thất,1883,Nhà Cửa - Đời Sống
23636.0,Nội thất phòng ăn,2150,Nội thất,1883,Nhà Cửa - Đời Sống
23654.0,"Nội thất phòng học, làm việc",2150,Nội thất,1883,Nhà Cửa - Đời Sống
23662.0,Nội thất trẻ em,2150,Nội thất,1883,Nhà Cửa - Đời Sống
23678.0,Nội thất khác,2150,Nội thất,1883,Nhà Cửa - Đời Sống
3710.0,Decal & giấy dán tường,1973,Trang trí nhà cửa,1883,Nhà Cửa - Đời Sống
23778.0,Decal & giấy dán kính,1973,Trang trí nhà cửa,1883,Nhà Cửa - Đời Sống
1980.0,Đồng hồ,1973,Trang trí nhà cửa,1883,Nhà Cửa - Đời Sống
11222.0,Tranh trang trí,1973,Trang trí nhà cửa,1883,Nhà Cửa - Đời Sống
23806.0,Trang trí nhà cửa,1973,Trang trí nhà cửa,1883,Nhà Cửa - Đời Sống
5848.0,Vật phẩm phong thủy,1973,Trang trí nhà cửa,1883,Nhà Cửa - Đời Sống
2016.0,Đèn bàn,2015,Đèn & thiết bị chiếu sáng,1883,Nhà Cửa - Đời Sống
2018.0,Đèn pin,2015,Đèn & thiết bị chiếu sáng,1883,Nhà Cửa - Đời Sống
2019.0,Đèn ngủ,2015,Đèn & thiết bị chiếu sáng,1883,Nhà Cửa - Đời Sống
23236.0,Đèn ngoài trời,2015,Đèn & thiết bị chiếu sáng,1883,Nhà Cửa - Đời Sống
23238.0,Đèn trần,2015,Đèn & thiết bị chiếu sáng,1883,Nhà Cửa - Đời Sống
23242.0,Đèn cảm ứng,2015,Đèn & thiết bị chiếu sáng,1883,Nhà Cửa - Đời Sống
23246.0,Đèn khác,2015,Đèn & thiết bị chiếu sáng,1883,Nhà Cửa - Đời Sống
2020.0,Đèn diệt côn trùng,2015,Đèn & thiết bị chiếu sáng,1883,Nhà Cửa - Đời Sống
23802.0,"Đèn xông tinh dầu, tinh dầu và phụ kiện",2015,Đèn & thiết bị chiếu sáng,1883,Nhà Cửa - Đời Sống
5995.0,"Áo mưa, ô dù và phụ kiện đi mưa",2223,Ngoài trời & sân vườn,1883,Nhà Cửa - Đời Sống
3879.0,Dụng cụ làm vườn,2223,Ngoài trời & sân vườn,1883,Nhà Cửa - Đời Sống
8316.0,Máy xịt rửa và phụ kiện,2223,Ngoài trời & sân vườn,1883,Nhà Cửa - Đời Sống
23422.0,Ngoại thất sân vườn,2223,Ngoài trời & sân vườn,1883,Nhà Cửa - Đời Sống
23434.0,Bể bơi và phụ kiện,2223,Ngoài trời & sân vườn,1883,Nhà Cửa - Đời Sống
23446.0,Dụng cụ ngoài trời khác,2223,Ngoài trời & sân vườn,1883,Nhà Cửa - Đời Sống
2685.0,Khăn,1966,Đồ dùng và thiết bị nhà tắm,1883,Nhà Cửa - Đời Sống
2339.0,Phụ kiện nhà tắm,1966,Đồ dùng và thiết bị nhà tắm,1883,Nhà Cửa - Đời Sống
23258.0,Kệ nhà tắm,1966,Đồ dùng và thiết bị nhà tắm,1883,Nhà Cửa - Đời Sống
23264.0,Thiết bị phòng tắm,1966,Đồ dùng và thiết bị nhà tắm,1883,Nhà Cửa - Đời Sống
23044.0,Phụ kiện giặt ủi,1966,Đồ dùng và thiết bị nhà tắm,1883,Nhà Cửa - Đời Sống
23018.0,Dụng cụ vệ sinh,1966,Đồ dùng và thiết bị nhà tắm,1883,Nhà Cửa - Đời Sống
4452.0,Bảo hộ lao động,1974,Sửa chữa nhà cửa,1883,Nhà Cửa - Đời Sống
12984.0,Xe đẩy hàng,1974,Sửa chữa nhà cửa,1883,Nhà Cửa - Đời Sống
12986.0,"Sơn, dầu mỡ, hóa chất",1974,Sửa chữa nhà cửa,1883,Nhà Cửa - Đời Sống
2759.0,Bộ dụng cụ đa năng,1974,Sửa chữa nhà cửa,1883,Nhà Cửa - Đời Sống
12980.0,"Đá cắt, que hàn, cưa & lưỡi cưa",1974,Sửa chữa nhà cửa,1883,Nhà Cửa - Đời Sống
2327.0,Thang nhôm,1974,Sửa chữa nhà cửa,1883,Nhà Cửa - Đời Sống
2760.0,Dụng cụ sửa chữa nhà cửa,1974,Sửa chữa nhà cửa,1883,Nhà Cửa - Đời Sống
27188.0,Thiết bị đo lường,1974,Sửa chữa nhà cửa,1883,Nhà Cửa - Đời Sống
2806.0,"Thùng đồ nghề, túi công cụ",1974,Sửa chữa nhà cửa,1883,Nhà Cửa - Đời Sống
23450.0,Đàn piano,10068,Nhạc cụ,1883,Nhà Cửa - Đời Sống
23462.0,Amply,10068,Nhạc cụ,1883,Nhà Cửa - Đời Sống
23464.0,Đàn organ,10068,Nhạc cụ,1883,Nhà Cửa - Đời Sống
23466.0,"Đàn guitar, ukulele",10068,Nhạc cụ,1883,Nhà Cửa - Đời Sống
23468.0,Phụ kiện đàn,10068,Nhạc cụ,1883,Nhà Cửa - Đời Sống
10076.0,Nhạc cụ dân tộc,10068,Nhạc cụ,1883,Nhà Cửa - Đời Sống
10074.0,"Kèn, Trống & Phụ kiện",10068,Nhạc cụ,1883,Nhà Cửa - Đời Sống
23552.0,Phụ kiện khác,10068,Nhạc cụ,1883,Nhà Cửa - Đời Sống
10073.0,Các loại đàn khác,10068,Nhạc cụ,1883,Nhà Cửa - Đời Sống
23056.0,Bộ đồ thờ,23054,Đồ thờ cúng,1883,Nhà Cửa - Đời Sống
23058.0,"Lư trầm, bát hương, bát nhang",23054,Đồ thờ cúng,1883,Nhà Cửa - Đời Sống
23072.0,Bàn thờ,23054,Đồ thờ cúng,1883,Nhà Cửa - Đời Sống
23078.0,"Hương, nhang",23054,Đồ thờ cúng,1883,Nhà Cửa - Đời Sống
23082.0,Phụ kiện thờ cúng,23054,Đồ thờ cúng,1883,Nhà Cửa - Đời Sống
,,1795,Điện thoại Smartphone,1789,Điện Thoại - Máy Tính Bảng
,,1794,Máy tính bảng,1789,Điện Thoại - Máy Tính Bảng
,,28856,Máy đọc sách,1789,Điện Thoại - Máy Tính Bảng
,,1796,Điện thoại phổ thông,1789,Điện Thoại - Máy Tính Bảng
,,8061,Điện thoại bàn,1789,Điện Thoại - Máy Tính Bảng
2552.0,Tã dán,2551,"Tã, Bỉm",2549,Đồ Chơi - Mẹ & Bé
10414.0,Miếng lót sơ sinh,2551,"Tã, Bỉm",2549,Đồ Chơi - Mẹ & Bé
2553.0,Tã quần,2551,"Tã, Bỉm",2549,Đồ Chơi - Mẹ & Bé
10415.0,Tã giấy,2551,"Tã, Bỉm",2549,Đồ Chơi - Mẹ & Bé
2554.0,Tã vải,2551,"Tã, Bỉm",2549,Đồ Chơi - Mẹ & Bé
10417.0,Tã bỉm dành cho người lớn,2551,"Tã, Bỉm",2549,Đồ Chơi - Mẹ & Bé
2555.0,Khăn giấy ướt cho bé,2551,"Tã, Bỉm",2549,Đồ Chơi - Mẹ & Bé
2600.0,Sữa bột cho bé,8339,Dinh dưỡng cho bé,2549,Đồ Chơi - Mẹ & Bé
10419.0,Sữa công thức pha sẵn,8339,Dinh dưỡng cho bé,2549,Đồ Chơi - Mẹ & Bé
2606.0,Bột ăn dặm,8339,Dinh dưỡng cho bé,2549,Đồ Chơi - Mẹ & Bé
10423.0,Vitamins,8339,Dinh dưỡng cho bé,2549,Đồ Chơi - Mẹ & Bé
10424.0,Nước trái cây cho bé,8339,Dinh dưỡng cho bé,2549,Đồ Chơi - Mẹ & Bé
6570.0,Bánh ăn dặm,8339,Dinh dưỡng cho bé,2549,Đồ Chơi - Mẹ & Bé
10448.0,Bánh quy,8339,Dinh dưỡng cho bé,2549,Đồ Chơi - Mẹ & Bé
6571.0,Thực phẩm chế biến sẵn,8339,Dinh dưỡng cho bé,2549,Đồ Chơi - Mẹ & Bé
6572.0,Dầu ăn cho bé,8339,Dinh dưỡng cho bé,2549,Đồ Chơi - Mẹ & Bé
2609.0,Trà và Thức uống cho bé,8339,Dinh dưỡng cho bé,2549,Đồ Chơi - Mẹ & Bé
,,6568,Thực phẩm ăn dặm,2549,Đồ Chơi - Mẹ & Bé
,,10416,Dinh dưỡng cho mẹ,2549,Đồ Chơi - Mẹ & Bé
,,10418,Dinh dưỡng cho người lớn,2549,Đồ Chơi - Mẹ & Bé
2556.0,Đồ dùng ăn uống cho bé,11601,Đồ dùng cho bé,2549,Đồ Chơi - Mẹ & Bé
2567.0,Đồ dùng vệ sinh cho bé,11601,Đồ dùng cho bé,2549,Đồ Chơi - Mẹ & Bé
2585.0,Đồ dùng phòng ngủ cho bé,11601,Đồ dùng cho bé,2549,Đồ Chơi - Mẹ & Bé
2584.0,Đồ dùng bảo vệ bé,11601,Đồ dùng cho bé,2549,Đồ Chơi - Mẹ & Bé
2576.0,Dụng cụ chăm sóc sức khỏe,11601,Đồ dùng cho bé,2549,Đồ Chơi - Mẹ & Bé
2593.0,Đồ dùng đi chơi,11601,Đồ dùng cho bé,2549,Đồ Chơi - Mẹ & Bé
1948.0,"Lắp ghép, Xếp hình",5250,Đồ chơi,2549,Đồ Chơi - Mẹ & Bé
8469.0,Đồ chơi điều khiển,5250,Đồ chơi,2549,Đồ Chơi - Mẹ & Bé
1938.0,"Búp bê, Thú bông",5250,Đồ chơi,2549,Đồ Chơi - Mẹ & Bé
2848.0,Đồ chơi gỗ,5250,Đồ chơi,2549,Đồ Chơi - Mẹ & Bé
4493.0,Đồ chơi mô hình,5250,Đồ chơi,2549,Đồ Chơi - Mẹ & Bé
4506.0,Đồ chơi giáo dục,5250,Đồ chơi,2549,Đồ Chơi - Mẹ & Bé
10523.0,Đồ chơi thủ công,5250,Đồ chơi,2549,Đồ Chơi - Mẹ & Bé
4604.0,Đồ chơi nhạc cụ,5250,Đồ chơi,2549,Đồ Chơi - Mẹ & Bé
4594.0,Đồ chơi vận động,5250,Đồ chơi,2549,Đồ Chơi - Mẹ & Bé
4505.0,Boardgame,5250,Đồ chơi,2549,Đồ Chơi - Mẹ & Bé
4500.0,"Bột nặn, Cát nặn",5250,Đồ chơi,2549,Đồ Chơi - Mẹ & Bé
10445.0,Cờ,5250,Đồ chơi,2549,Đồ Chơi - Mẹ & Bé
4504.0,Lều thảm,5250,Đồ chơi,2549,Đồ Chơi - Mẹ & Bé
4601.0,Đồ chơi sơ sinh,5250,Đồ chơi,2549,Đồ Chơi - Mẹ & Bé
10536.0,Đồ chơi ảo thuật,5250,Đồ chơi,2549,Đồ Chơi - Mẹ & Bé
10537.0,Trò chơi dân gian,5250,Đồ chơi,2549,Đồ Chơi - Mẹ & Bé
10538.0,Trò chơi trí tuệ,5250,Đồ chơi,2549,Đồ Chơi - Mẹ & Bé
10539.0,Video games,5250,Đồ chơi,2549,Đồ Chơi - Mẹ & Bé
6580.0,"Máy hút sữa, Túi trữ sữa",2640,"Chăm sóc mẹ mang thai, sau sinh",2549,Đồ Chơi - Mẹ & Bé
10556.0,Đai đỡ bụng bầu,2640,"Chăm sóc mẹ mang thai, sau sinh",2549,Đồ Chơi - Mẹ & Bé
2654.0,"Đai nịt bụng, Quần tạo dáng sau sinh",2640,"Chăm sóc mẹ mang thai, sau sinh",2549,Đồ Chơi - Mẹ & Bé
2656.0,"Dung dịch tắm gội, Chăm sóc da",2640,"Chăm sóc mẹ mang thai, sau sinh",2549,Đồ Chơi - Mẹ & Bé
10559.0,Phương pháp dân gian,2640,"Chăm sóc mẹ mang thai, sau sinh",2549,Đồ Chơi - Mẹ & Bé
6581.0,Phụ kiện cho mẹ,2640,"Chăm sóc mẹ mang thai, sau sinh",2549,Đồ Chơi - Mẹ & Bé
10571.0,Que thử thai,10570,Chuẩn bị mang thai,2549,Đồ Chơi - Mẹ & Bé
4386.0,Vệ sinh nhà cửa,15078,Chăm sóc nhà cửa,2549,Đồ Chơi - Mẹ & Bé
4399.0,Vệ sinh nhà bếp,15078,Chăm sóc nhà cửa,2549,Đồ Chơi - Mẹ & Bé
4400.0,Vệ sinh nhà tắm,15078,Chăm sóc nhà cửa,2549,Đồ Chơi - Mẹ & Bé
4388.0,Khăn giấy,15078,Chăm sóc nhà cửa,2549,Đồ Chơi - Mẹ & Bé
4387.0,Giặt giũ & Chăm sóc quần áo,15078,Chăm sóc nhà cửa,2549,Đồ Chơi - Mẹ & Bé
5191.0,Thời trang bầu,11603,Thời Trang Cho Mẹ Và Bé,2549,Đồ Chơi - Mẹ & Bé
5188.0,Thời trang sơ sinh,11603,Thời Trang Cho Mẹ Và Bé,2549,Đồ Chơi - Mẹ & Bé
5189.0,Thời trang bé gái,11603,Thời Trang Cho Mẹ Và Bé,2549,Đồ Chơi - Mẹ & Bé
5190.0,Thời trang bé trai,11603,Thời Trang Cho Mẹ Và Bé,2549,Đồ Chơi - Mẹ & Bé
5192.0,Phụ kiện cho bé,11603,Thời Trang Cho Mẹ Và Bé,2549,Đồ Chơi - Mẹ & Bé
1804.0,Tai Nghe Có Dây,8215,Thiết Bị Âm Thanh và Phụ Kiện,1815,Thiết Bị Số - Phụ Kiện Số
1811.0,Tai Nghe Bluetooth,8215,Thiết Bị Âm Thanh và Phụ Kiện,1815,Thiết Bị Số - Phụ Kiện Số
1805.0,Loa Nghe Nhạc,8215,Thiết Bị Âm Thanh và Phụ Kiện,1815,Thiết Bị Số - Phụ Kiện Số
28642.0,Micro,8215,Thiết Bị Âm Thanh và Phụ Kiện,1815,Thiết Bị Số - Phụ Kiện Số
20170.0,DAC và Amplifier Di Động,8215,Thiết Bị Âm Thanh và Phụ Kiện,1815,Thiết Bị Số - Phụ Kiện Số
28656.0,Máy Thu và Máy Phát Âm Thanh,8215,Thiết Bị Âm Thanh và Phụ Kiện,1815,Thiết Bị Số - Phụ Kiện Số
30374.0,Thiết Bị Âm Thanh,8215,Thiết Bị Âm Thanh và Phụ Kiện,1815,Thiết Bị Số - Phụ Kiện Số
28858.0,Thiết bị phát Streaming,8215,Thiết Bị Âm Thanh và Phụ Kiện,1815,Thiết Bị Số - Phụ Kiện Số
7078.0,Máy radio cassette,8215,Thiết Bị Âm Thanh và Phụ Kiện,1815,Thiết Bị Số - Phụ Kiện Số
7079.0,"Receivers, Amplifier, Mixer",8215,Thiết Bị Âm Thanh và Phụ Kiện,1815,Thiết Bị Số - Phụ Kiện Số
26652.0,Micro Karaoke - sân khấu,8215,Thiết Bị Âm Thanh và Phụ Kiện,1815,Thiết Bị Số - Phụ Kiện Số
28872.0,Bộ giải mã âm thanh DAC,8215,Thiết Bị Âm Thanh và Phụ Kiện,1815,Thiết Bị Số - Phụ Kiện Số
8068.0,Phụ kiện âm thanh,8215,Thiết Bị Âm Thanh và Phụ Kiện,1815,Thiết Bị Số - Phụ Kiện Số
7077.0,"Đầu CD, DVD, karaoke, Blu-ray",8215,Thiết Bị Âm Thanh và Phụ Kiện,1815,Thiết Bị Số - Phụ Kiện Số
4966.0,Dàn âm thanh ,8215,Thiết Bị Âm Thanh và Phụ Kiện,1815,Thiết Bị Số - Phụ Kiện Số
7075.0,Loa,8215,Thiết Bị Âm Thanh và Phụ Kiện,1815,Thiết Bị Số - Phụ Kiện Số
12676.0,Đĩa Game,2667,Thiết Bị Chơi Game và Phụ Kiện,1815,Thiết Bị Số - Phụ Kiện Số
7273.0,Ghế Gaming,2667,Thiết Bị Chơi Game và Phụ Kiện,1815,Thiết Bị Số - Phụ Kiện Số
8251.0,Máy Chơi Game - Console,2667,Thiết Bị Chơi Game và Phụ Kiện,1815,Thiết Bị Số - Phụ Kiện Số
6742.0,Phụ Kiện Gaming,2667,Thiết Bị Chơi Game và Phụ Kiện,1815,Thiết Bị Số - Phụ Kiện Số
9013.0,Tay Bấm Game - Thiết Bị Điều Khiển,2667,Thiết Bị Chơi Game và Phụ Kiện,1815,Thiết Bị Số - Phụ Kiện Số
8040.0,Mắt Kính Thông Minh,8039,Thiết Bị Đeo Thông Minh và Phụ Kiện,1815,Thiết Bị Số - Phụ Kiện Số
8042.0,Thiết Bị Thực Tế Ảo VR,8039,Thiết Bị Đeo Thông Minh và Phụ Kiện,1815,Thiết Bị Số - Phụ Kiện Số
2657.0,Đồng Hồ Thông Minh,8039,Thiết Bị Đeo Thông Minh và Phụ Kiện,1815,Thiết Bị Số - Phụ Kiện Số
8043.0,Vòng Đeo Thông Minh - Vòng Theo Dõi Vận Động,8039,Thiết Bị Đeo Thông Minh và Phụ Kiện,1815,Thiết Bị Số - Phụ Kiện Số
28420.0,Phụ Kiện Thiết Bị Đeo Thông Minh,8039,Thiết Bị Đeo Thông Minh và Phụ Kiện,1815,Thiết Bị Số - Phụ Kiện Số
28436.0,Thiết Bị Số - Thiết Bị Thông Minh,28432,Thiết Bị Thông Minh và Linh Kiện Điện Tử,1815,Thiết Bị Số - Phụ Kiện Số
20246.0,Mạch Điện Lập Trình và Linh Kiện Điện Tử,28432,Thiết Bị Thông Minh và Linh Kiện Điện Tử,1815,Thiết Bị Số - Phụ Kiện Số
28448.0,Thẻ Nhớ và Bộ Nhớ Mở Rộng,8214,Phụ Kiện Điện Thoại và Máy Tính Bảng,1815,Thiết Bị Số - Phụ Kiện Số
10691.0,SIM Điện Thoại,8214,Phụ Kiện Điện Thoại và Máy Tính Bảng,1815,Thiết Bị Số - Phụ Kiện Số
1821.0,Pin Sạc Dự Phòng,8214,Phụ Kiện Điện Thoại và Máy Tính Bảng,1815,Thiết Bị Số - Phụ Kiện Số
1823.0,Dây Sạc - Dây Cáp,8214,Phụ Kiện Điện Thoại và Máy Tính Bảng,1815,Thiết Bị Số - Phụ Kiện Số
3803.0,Adapter - Củ Sạc,8214,Phụ Kiện Điện Thoại và Máy Tính Bảng,1815,Thiết Bị Số - Phụ Kiện Số
20234.0,Linh Kiện Thay Thế,8214,Phụ Kiện Điện Thoại và Máy Tính Bảng,1815,Thiết Bị Số - Phụ Kiện Số
20242.0,Dụng Cụ Sửa Chữa và Vệ Sinh,8214,Phụ Kiện Điện Thoại và Máy Tính Bảng,1815,Thiết Bị Số - Phụ Kiện Số
20220.0,Giá Đỡ - Chân Đế - Móc Dán,8214,Phụ Kiện Điện Thoại và Máy Tính Bảng,1815,Thiết Bị Số - Phụ Kiện Số
20236.0,Túi Bảo Vệ - Túi Chống Nước,8214,Phụ Kiện Điện Thoại và Máy Tính Bảng,1815,Thiết Bị Số - Phụ Kiện Số
20244.0,Hộp Đựng - Túi Đựng Phụ Kiện,8214,Phụ Kiện Điện Thoại và Máy Tính Bảng,1815,Thiết Bị Số - Phụ Kiện Số
20240.0,Vòng Đeo - Đai Đeo,8214,Phụ Kiện Điện Thoại và Máy Tính Bảng,1815,Thiết Bị Số - Phụ Kiện Số
20222.0,Dây Đeo và Phụ Kiện Trang Trí,8214,Phụ Kiện Điện Thoại và Máy Tính Bảng,1815,Thiết Bị Số - Phụ Kiện Số
1824.0,Miếng Dán Màn Hình,8214,Phụ Kiện Điện Thoại và Máy Tính Bảng,1815,Thiết Bị Số - Phụ Kiện Số
1822.0,Bao Da - Ốp Lưng,8214,Phụ Kiện Điện Thoại và Máy Tính Bảng,1815,Thiết Bị Số - Phụ Kiện Số
20238.0,Bàn Phím Rời - Bút Cảm Ứng,8214,Phụ Kiện Điện Thoại và Máy Tính Bảng,1815,Thiết Bị Số - Phụ Kiện Số
28620.0,Phụ Kiện Chụp Hình,8214,Phụ Kiện Điện Thoại và Máy Tính Bảng,1815,Thiết Bị Số - Phụ Kiện Số
28624.0,Phụ Kiện Chơi Game,8214,Phụ Kiện Điện Thoại và Máy Tính Bảng,1815,Thiết Bị Số - Phụ Kiện Số
1819.0,Phụ Kiện Di Động Khác,8214,Phụ Kiện Điện Thoại và Máy Tính Bảng,1815,Thiết Bị Số - Phụ Kiện Số
28672.0,Dụng Cụ Vệ Sinh và Sửa Chữa,28670,Phụ kiện máy tính và Laptop,1815,Thiết Bị Số - Phụ Kiện Số
7795.0,Phụ Kiện Laptop,28670,Phụ kiện máy tính và Laptop,1815,Thiết Bị Số - Phụ Kiện Số
4880.0,Webcam Máy Tính,28670,Phụ kiện máy tính và Laptop,1815,Thiết Bị Số - Phụ Kiện Số
28688.0,Bút Trình Chiếu,28670,Phụ kiện máy tính và Laptop,1815,Thiết Bị Số - Phụ Kiện Số
1831.0,Bàn Di Chuột - Miếng Lót Chuột,28670,Phụ kiện máy tính và Laptop,1815,Thiết Bị Số - Phụ Kiện Số
28690.0,Phụ Kiện Phím Chuột Văn Phòng,28670,Phụ kiện máy tính và Laptop,1815,Thiết Bị Số - Phụ Kiện Số
28692.0,Phụ Kiện Phím Chuột Chơi Game,28670,Phụ kiện máy tính và Laptop,1815,Thiết Bị Số - Phụ Kiện Số
28702.0,Tai Nghe Máy Tính,28670,Phụ kiện máy tính và Laptop,1815,Thiết Bị Số - Phụ Kiện Số
28706.0,Công Cụ Đồ Họa - Thiết Bị Cảm Ứng,28670,Phụ kiện máy tính và Laptop,1815,Thiết Bị Số - Phụ Kiện Số
12296.0,Các Loại Cáp Chuyển Đổi,28670,Phụ kiện máy tính và Laptop,1815,Thiết Bị Số - Phụ Kiện Số
1892.0,Nồi điện các loại,1884,Đồ dùng nhà bếp,1882,Điện Gia Dụng
1885.0,Bếp các loại,1884,Đồ dùng nhà bếp,1882,Điện Gia Dụng
4875.0,"Máy hút khói, khử mùi",1884,Đồ dùng nhà bếp,1882,Điện Gia Dụng
2022.0,Lò vi sóng,1884,Đồ dùng nhà bếp,1882,Điện Gia Dụng
2023.0,Lò nướng điện,1884,Đồ dùng nhà bếp,1882,Điện Gia Dụng
2044.0,Vỉ nướng điện,1884,Đồ dùng nhà bếp,1882,Điện Gia Dụng
2024.0,"Máy xay, máy ép",1884,Đồ dùng nhà bếp,1882,Điện Gia Dụng
1931.0,Bình đun siêu tốc,1884,Đồ dùng nhà bếp,1882,Điện Gia Dụng
1932.0,Bình thủy điện,1884,Đồ dùng nhà bếp,1882,Điện Gia Dụng
1939.0,Máy pha cà phê,1884,Đồ dùng nhà bếp,1882,Điện Gia Dụng
8082.0,Máy làm kem,1884,Đồ dùng nhà bếp,1882,Điện Gia Dụng
2025.0,Máy làm sữa đậu nành,1884,Đồ dùng nhà bếp,1882,Điện Gia Dụng
2026.0,Máy làm sữa chua,1884,Đồ dùng nhà bếp,1882,Điện Gia Dụng
5363.0,Máy làm mì sợi,1884,Đồ dùng nhà bếp,1882,Điện Gia Dụng
2315.0,Máy làm bánh,1884,Đồ dùng nhà bếp,1882,Điện Gia Dụng
1942.0,Siêu sắc thuốc,1884,Đồ dùng nhà bếp,1882,Điện Gia Dụng
7239.0,Máy làm tỏi đen,1884,Đồ dùng nhà bếp,1882,Điện Gia Dụng
23818.0,Máy sấy chén,1884,Đồ dùng nhà bếp,1882,Điện Gia Dụng
23820.0,Máy sấy thực phẩm,1884,Đồ dùng nhà bếp,1882,Điện Gia Dụng
23822.0,Máy hút chân không,1884,Đồ dùng nhà bếp,1882,Điện Gia Dụng
23824.0,Máy hàn miệng túi,1884,Đồ dùng nhà bếp,1882,Điện Gia Dụng
23826.0,Máy cắt thịt đông lạnh,1884,Đồ dùng nhà bếp,1882,Điện Gia Dụng
8728.0,Đồ dùng nhà bếp khác,1884,Đồ dùng nhà bếp,1882,Điện Gia Dụng
2108.0,Máy đánh trứng,1884,Đồ dùng nhà bếp,1882,Điện Gia Dụng
1993.0,"Bàn ủi, bàn là",1946,Thiết bị gia đình,1882,Điện Gia Dụng
1997.0,"Máy may, thêu, vắt sổ",1946,Thiết bị gia đình,1882,Điện Gia Dụng
2001.0,Quạt điện,1946,Thiết bị gia đình,1882,Điện Gia Dụng
2009.0,Máy hút bụi,1946,Thiết bị gia đình,1882,Điện Gia Dụng
4876.0,Cây Nước Nóng Lạnh,1946,Thiết bị gia đình,1882,Điện Gia Dụng
2010.0,Máy lọc không khí,1946,Thiết bị gia đình,1882,Điện Gia Dụng
5614.0,Máy tạo ẩm,1946,Thiết bị gia đình,1882,Điện Gia Dụng
5585.0,Máy hút ẩm,1946,Thiết bị gia đình,1882,Điện Gia Dụng
5010.0,Máy lọc nước,1946,Thiết bị gia đình,1882,Điện Gia Dụng
5976.0,Thiết bị sấy quần áo,1946,Thiết bị gia đình,1882,Điện Gia Dụng
5977.0,Máy sấy tay,1946,Thiết bị gia đình,1882,Điện Gia Dụng
6510.0,Thiết bị sưởi ấm,1946,Thiết bị gia đình,1882,Điện Gia Dụng
55946.0,Thiết bị chăm sóc cá nhân,1946,Thiết bị gia đình,1882,Điện Gia Dụng
1601.0,Mặt nạ,1582,Chăm sóc da mặt,1520,Làm Đẹp - Sức Khỏe
5872.0,Xịt khoáng ,1582,Chăm sóc da mặt,1520,Làm Đẹp - Sức Khỏe
3424.0,Chăm sóc vùng da mắt,1582,Chăm sóc da mặt,1520,Làm Đẹp - Sức Khỏe
2347.0,"Nước hoa hồng, toner",1582,Chăm sóc da mặt,1520,Làm Đẹp - Sức Khỏe
3422.0,Kem chống nắng,1582,Chăm sóc da mặt,1520,Làm Đẹp - Sức Khỏe
3426.0,Sản phẩm trị mụn,1582,Chăm sóc da mặt,1520,Làm Đẹp - Sức Khỏe
17170.0,Kem và sữa dưỡng da,1582,Chăm sóc da mặt,1520,Làm Đẹp - Sức Khỏe
17174.0,Sản phẩm chăm sóc da mặt khác,1582,Chăm sóc da mặt,1520,Làm Đẹp - Sức Khỏe
53350.0,Serum,1582,Chăm sóc da mặt,1520,Làm Đẹp - Sức Khỏe
8227.0,Bộ chăm sóc da mặt,1582,Chăm sóc da mặt,1520,Làm Đẹp - Sức Khỏe
1583.0,Sữa rửa mặt,1582,Chăm sóc da mặt,1520,Làm Đẹp - Sức Khỏe
8206.0,Tẩy tế bào chết,1582,Chăm sóc da mặt,1520,Làm Đẹp - Sức Khỏe
11605.0,Tẩy trang,1582,Chăm sóc da mặt,1520,Làm Đẹp - Sức Khỏe
5893.0,Chống lão hóa da,1582,Chăm sóc da mặt,1520,Làm Đẹp - Sức Khỏe
1589.0,Dụng cụ trang điểm,1584,Trang điểm ,1520,Làm Đẹp - Sức Khỏe
1585.0,Trang điểm mặt,1584,Trang điểm ,1520,Làm Đẹp - Sức Khỏe
1586.0,Trang điểm mắt,1584,Trang điểm ,1520,Làm Đẹp - Sức Khỏe
1587.0,Son & Trang điểm môi,1584,Trang điểm ,1520,Làm Đẹp - Sức Khỏe
8228.0,Bộ trang điểm,1584,Trang điểm ,1520,Làm Đẹp - Sức Khỏe
1625.0,Chăm sóc răng miệng,1594,Chăm sóc cá nhân,1520,Làm Đẹp - Sức Khỏe
1752.0,Dung dịch vệ sinh,1594,Chăm sóc cá nhân,1520,Làm Đẹp - Sức Khỏe
17186.0,Sản phẩm chăm sóc cá nhân khác,1594,Chăm sóc cá nhân,1520,Làm Đẹp - Sức Khỏe
1728.0,Bọt cạo râu,1594,Chăm sóc cá nhân,1520,Làm Đẹp - Sức Khỏe
8300.0,Băng vệ sinh,1594,Chăm sóc cá nhân,1520,Làm Đẹp - Sức Khỏe
4408.0,Khăn giấy ướt,1594,Chăm sóc cá nhân,1520,Làm Đẹp - Sức Khỏe
11757.0,Bộ chăm sóc toàn thân,1592,Chăm sóc cơ thể,1520,Làm Đẹp - Sức Khỏe
8218.0,Chăm sóc ngực,1592,Chăm sóc cơ thể,1520,Làm Đẹp - Sức Khỏe
1610.0,Dưỡng Thể,1592,Chăm sóc cơ thể,1520,Làm Đẹp - Sức Khỏe
11755.0,Kem tan mỡ,1592,Chăm sóc cơ thể,1520,Làm Đẹp - Sức Khỏe
11733.0,Massage toàn thân,1592,Chăm sóc cơ thể,1520,Làm Đẹp - Sức Khỏe
1617.0,Sản phẩm khử mùi,1592,Chăm sóc cơ thể,1520,Làm Đẹp - Sức Khỏe
3449.0,Sản phẩm tẩy lông,1592,Chăm sóc cơ thể,1520,Làm Đẹp - Sức Khỏe
8212.0,"Sữa tắm, xà bông, muối tắm",1592,Chăm sóc cơ thể,1520,Làm Đẹp - Sức Khỏe
1615.0,Sản phẩm chống nắng,1592,Chăm sóc cơ thể,1520,Làm Đẹp - Sức Khỏe
1619.0,"Tẩy tế bào chết, massage",1592,Chăm sóc cơ thể,1520,Làm Đẹp - Sức Khỏe
11753.0,Trị rạn nứt da,1592,Chăm sóc cơ thể,1520,Làm Đẹp - Sức Khỏe
8308.0,Sản phẩm sạch khuẩn,1592,Chăm sóc cơ thể,1520,Làm Đẹp - Sức Khỏe
8309.0,Sản phẩm chăm sóc cơ thể khác,1592,Chăm sóc cơ thể,1520,Làm Đẹp - Sức Khỏe
5900.0,"Sản phẩm dưỡng tay, chân",1592,Chăm sóc cơ thể,1520,Làm Đẹp - Sức Khỏe
8226.0,Bộ chăm sóc cơ thể,1592,Chăm sóc cơ thể,1520,Làm Đẹp - Sức Khỏe
8229.0,Bộ chăm sóc tóc và da đầu,1592,Chăm sóc cơ thể,1520,Làm Đẹp - Sức Khỏe
8602.0,Tinh dầu,5873,Sản phẩm thiên nhiên & Khác,1520,Làm Đẹp - Sức Khỏe
8224.0,Nến thơm,5873,Sản phẩm thiên nhiên & Khác,1520,Làm Đẹp - Sức Khỏe
11868.0,Sản phẩm thiên nhiên làm đẹp,5873,Sản phẩm thiên nhiên & Khác,1520,Làm Đẹp - Sức Khỏe
8225.0,Đèn xông,5873,Sản phẩm thiên nhiên & Khác,1520,Làm Đẹp - Sức Khỏe
8222.0,"Dầu gội, dầu xả",1591,Chăm sóc tóc và da đầu,1520,Làm Đẹp - Sức Khỏe
1620.0,Tạo kiểu tóc,1591,Chăm sóc tóc và da đầu,1520,Làm Đẹp - Sức Khỏe
1623.0,Thuốc nhuộm tóc,1591,Chăm sóc tóc và da đầu,1520,Làm Đẹp - Sức Khỏe
11815.0,"Thuốc duỗi, uốn",1591,Chăm sóc tóc và da đầu,1520,Làm Đẹp - Sức Khỏe
7065.0,"Dưỡng tóc, ủ tóc",1591,Chăm sóc tóc và da đầu,1520,Làm Đẹp - Sức Khỏe
7061.0,Bộ chăm sóc tóc,1591,Chăm sóc tóc và da đầu,1520,Làm Đẹp - Sức Khỏe
1636.0,Nước hoa nữ,1595,Nước hoa,1520,Làm Đẹp - Sức Khỏe
1637.0,Nước hoa nam,1595,Nước hoa,1520,Làm Đẹp - Sức Khỏe
8167.0,Dụng cụ làm đẹp khác,2306,Dụng cụ làm đẹp,1520,Làm Đẹp - Sức Khỏe
8166.0,Dụng cụ tạo kiểu tóc,2306,Dụng cụ làm đẹp,1520,Làm Đẹp - Sức Khỏe
8165.0,Dụng cụ tẩy lông,2306,Dụng cụ làm đẹp,1520,Làm Đẹp - Sức Khỏe
8164.0,Massage thư giãn và làm đẹp,2306,Dụng cụ làm đẹp,1520,Làm Đẹp - Sức Khỏe
11937.0,Máy xông da mặt,2306,Dụng cụ làm đẹp,1520,Làm Đẹp - Sức Khỏe
11939.0,Sản phẩm định hình,2306,Dụng cụ làm đẹp,1520,Làm Đẹp - Sức Khỏe
1634.0,Dao - Máy cạo râu & Hớt tóc,2306,Dụng cụ làm đẹp,1520,Làm Đẹp - Sức Khỏe
5905.0,Máy & Dụng cụ rửa mặt ,2306,Dụng cụ làm đẹp,1520,Làm Đẹp - Sức Khỏe
11689.0,Máy hút mụn,2306,Dụng cụ làm đẹp,1520,Làm Đẹp - Sức Khỏe
1590.0,Chăm sóc móng,2306,Dụng cụ làm đẹp,1520,Làm Đẹp - Sức Khỏe
8170.0,Cân sức khỏe,2307,Máy Massage & Thiết bị chăm sóc sức khỏe,1520,Làm Đẹp - Sức Khỏe
11903.0,Dụng cụ theo dõi sức khỏe,2307,Máy Massage & Thiết bị chăm sóc sức khỏe,1520,Làm Đẹp - Sức Khỏe
2340.0,Máy massage toàn thân,2307,Máy Massage & Thiết bị chăm sóc sức khỏe,1520,Làm Đẹp - Sức Khỏe
8171.0,Nhiệt kế,2307,Máy Massage & Thiết bị chăm sóc sức khỏe,1520,Làm Đẹp - Sức Khỏe
11925.0,Máy xông mũi họng,2307,Máy Massage & Thiết bị chăm sóc sức khỏe,1520,Làm Đẹp - Sức Khỏe
2342.0,Thiết Bị Y Tế,2307,Máy Massage & Thiết bị chăm sóc sức khỏe,1520,Làm Đẹp - Sức Khỏe
8172.0,Thiết bị khác,2307,Máy Massage & Thiết bị chăm sóc sức khỏe,1520,Làm Đẹp - Sức Khỏe
11923.0,Túi chườm,2307,Máy Massage & Thiết bị chăm sóc sức khỏe,1520,Làm Đẹp - Sức Khỏe
11929.0,Dụng cụ sơ cứu,2307,Máy Massage & Thiết bị chăm sóc sức khỏe,1520,Làm Đẹp - Sức Khỏe
11931.0,Vớ ngăn giãn tĩnh mạch,2307,Máy Massage & Thiết bị chăm sóc sức khỏe,1520,Làm Đẹp - Sức Khỏe
1633.0,Băng keo cá nhân,2307,Máy Massage & Thiết bị chăm sóc sức khỏe,1520,Làm Đẹp - Sức Khỏe
8305.0,Khẩu trang y tế,2307,Máy Massage & Thiết bị chăm sóc sức khỏe,1520,Làm Đẹp - Sức Khỏe
2162.0,Chăm sóc mắt,2307,Máy Massage & Thiết bị chăm sóc sức khỏe,1520,Làm Đẹp - Sức Khỏe
2826.0,Thực phẩm chức năng làm đẹp,2322,Thực phẩm chức năng,1520,Làm Đẹp - Sức Khỏe
2827.0,Thực phẩm chức năng thiên nhiên,2322,Thực phẩm chức năng,1520,Làm Đẹp - Sức Khỏe
55950.0,Vitamin và Khoáng chất,2322,Thực phẩm chức năng,1520,Làm Đẹp - Sức Khỏe
56014.0,Cơ xương khớp,2322,Thực phẩm chức năng,1520,Làm Đẹp - Sức Khỏe
11861.0,Hỗ trợ trí não,2322,Thực phẩm chức năng,1520,Làm Đẹp - Sức Khỏe
11869.0,Hỗ trợ tiêu hóa,2322,Thực phẩm chức năng,1520,Làm Đẹp - Sức Khỏe
11867.0,Hỗ trợ mắt,2322,Thực phẩm chức năng,1520,Làm Đẹp - Sức Khỏe
11871.0,Hỗ trợ tim mạch,2322,Thực phẩm chức năng,1520,Làm Đẹp - Sức Khỏe
11873.0,Tăng cường hệ miễn dịch,2322,Thực phẩm chức năng,1520,Làm Đẹp - Sức Khỏe
11863.0,Hỗ trợ tiểu đường,2322,Thực phẩm chức năng,1520,Làm Đẹp - Sức Khỏe
11875.0,Thải độc cơ thể,2322,Thực phẩm chức năng,1520,Làm Đẹp - Sức Khỏe
56030.0,Sinh lý - Nội tiết tố,2322,Thực phẩm chức năng,1520,Làm Đẹp - Sức Khỏe
1630.0,Bao cao su,8142,Hỗ trợ tình dục,1520,Làm Đẹp - Sức Khỏe
1631.0,Gel bôi trơn,8142,Hỗ trợ tình dục,1520,Làm Đẹp - Sức Khỏe
11878.0,Xe tay ga,8597,Xe máy,8594,Ô Tô - Xe Máy - Xe Đạp
11882.0,Xe số,8597,Xe máy,8594,Ô Tô - Xe Máy - Xe Đạp
11884.0,Xe côn tay,8597,Xe máy,8594,Ô Tô - Xe Máy - Xe Đạp
11888.0,Xe mô tô,8597,Xe máy,8594,Ô Tô - Xe Máy - Xe Đạp
13100.0,Xe 50cc,8597,Xe máy,8594,Ô Tô - Xe Máy - Xe Đạp
37596.0,Phiếu mua xe mô tô,8597,Xe máy,8594,Ô Tô - Xe Máy - Xe Đạp
37598.0,Phiếu mua xe máy,8597,Xe máy,8594,Ô Tô - Xe Máy - Xe Đạp
6072.0,Xe máy điện,6070,Xe điện,8594,Ô Tô - Xe Máy - Xe Đạp
6071.0,Xe đạp điện,6070,Xe điện,8594,Ô Tô - Xe Máy - Xe Đạp
11890.0,Xe thăng bằng,6070,Xe điện,8594,Ô Tô - Xe Máy - Xe Đạp
6073.0,Phụ kiện xe điện,6070,Xe điện,8594,Ô Tô - Xe Máy - Xe Đạp
11892.0,Xe đạp thể thao,8431,Xe đạp,8594,Ô Tô - Xe Máy - Xe Đạp
11894.0,Xe đạp thông dụng,8431,Xe đạp,8594,Ô Tô - Xe Máy - Xe Đạp
11896.0,Xe đạp thời trang,8431,Xe đạp,8594,Ô Tô - Xe Máy - Xe Đạp
11898.0,Xe đạp đua,8431,Xe đạp,8594,Ô Tô - Xe Máy - Xe Đạp
11900.0,Xe đạp gấp,8431,Xe đạp,8594,Ô Tô - Xe Máy - Xe Đạp
11914.0,Xe đạp Fixed Gear,8431,Xe đạp,8594,Ô Tô - Xe Máy - Xe Đạp
11902.0,Xe đạp trẻ em,8431,Xe đạp,8594,Ô Tô - Xe Máy - Xe Đạp
37606.0,SUV,8595,Ô tô,8594,Ô Tô - Xe Máy - Xe Đạp
37608.0,MPV,8595,Ô tô,8594,Ô Tô - Xe Máy - Xe Đạp
37612.0,Bán tải,8595,Ô tô,8594,Ô Tô - Xe Máy - Xe Đạp
11906.0,Mũ bảo hiểm,24832,Phụ kiện - Chăm sóc xe,8594,Ô Tô - Xe Máy - Xe Đạp
6061.0,Phụ kiện xe máy,24832,Phụ kiện - Chăm sóc xe,8594,Ô Tô - Xe Máy - Xe Đạp
45476.0,Phụ tùng xe máy,24832,Phụ kiện - Chăm sóc xe,8594,Ô Tô - Xe Máy - Xe Đạp
45498.0,Chăm sóc xe máy,24832,Phụ kiện - Chăm sóc xe,8594,Ô Tô - Xe Máy - Xe Đạp
45522.0,Đồ bảo hộ đi xe,24832,Phụ kiện - Chăm sóc xe,8594,Ô Tô - Xe Máy - Xe Đạp
11904.0,Phụ kiện - Đồ nghề xe đạp,24832,Phụ kiện - Chăm sóc xe,8594,Ô Tô - Xe Máy - Xe Đạp
6045.0,Phụ kiện ô tô,24832,Phụ kiện - Chăm sóc xe,8594,Ô Tô - Xe Máy - Xe Đạp
45606.0,Máy rửa xe,24832,Phụ kiện - Chăm sóc xe,8594,Ô Tô - Xe Máy - Xe Đạp
6052.0,Phụ tùng ô tô,24832,Phụ kiện - Chăm sóc xe,8594,Ô Tô - Xe Máy - Xe Đạp
24362.0,Chăm sóc ô tô,24832,Phụ kiện - Chăm sóc xe,8594,Ô Tô - Xe Máy - Xe Đạp
17224.0,Lắp đặt mâm lốp,17208,"Dịch vụ, lắp đặt",8594,Ô Tô - Xe Máy - Xe Đạp
17226.0,"Lắp đặt phụ tùng, phụ kiện",17208,"Dịch vụ, lắp đặt",8594,Ô Tô - Xe Máy - Xe Đạp
23116.0,Dịch vụ sơn xe,17208,"Dịch vụ, lắp đặt",8594,Ô Tô - Xe Máy - Xe Đạp
23118.0,"Dịch vụ bảo trì, sửa chữa",17208,"Dịch vụ, lắp đặt",8594,Ô Tô - Xe Máy - Xe Đạp
933.0,Áo thun nữ,1698,Áo nữ,931,Thời trang nữ
934.0,Áo sơ mi nữ,1698,Áo nữ,931,Thời trang nữ
935.0,Áo kiểu,1698,Áo nữ,931,Thời trang nữ
10389.0,Áo crop-top,1698,Áo nữ,931,Thời trang nữ
10388.0,Áo hai dây - Áo ba lỗ nữ,1698,Áo nữ,931,Thời trang nữ
27582.0,Đầm Dáng Xòe,941,Đầm nữ,931,Thời trang nữ
27580.0,Đầm dáng ôm,941,Đầm nữ,931,Thời trang nữ
27584.0,Đầm suông,941,Đầm nữ,931,Thời trang nữ
5344.0,Đầm công sở,941,Đầm nữ,931,Thời trang nữ
5346.0,Đầm dự tiệc,941,Đầm nữ,931,Thời trang nữ
5345.0,Đầm maxi,941,Đầm nữ,931,Thời trang nữ
5407.0,Chân váy dài,5404,Chân váy,931,Thời trang nữ
5406.0,Chân váy ngắn,5404,Chân váy,931,Thời trang nữ
5408.0,Chân váy xếp li,5404,Chân váy,931,Thời trang nữ
49288.0,Chân váy bút chì,5404,Chân váy,931,Thời trang nữ
49290.0,Chân váy chữ A,5404,Chân váy,931,Thời trang nữ
5405.0,Chân váy công sở,5404,Chân váy,931,Thời trang nữ
1701.0,Quần jean nữ,27600,Quần nữ,931,Thời trang nữ
939.0,Quần shorts nữ,27600,Quần nữ,931,Thời trang nữ
938.0,Quần tây nữ,27600,Quần nữ,931,Thời trang nữ
49346.0,Quần ống rộng nữ,27600,Quần nữ,931,Thời trang nữ
49348.0,Quần baggy nữ,27600,Quần nữ,931,Thời trang nữ
1716.0,Quần legging - tregging nữ,27600,Quần nữ,931,Thời trang nữ
49350.0,Quần yếm,27600,Quần nữ,931,Thời trang nữ
27594.0,Áo cardigan nữ,936,Áo khoác nữ,931,Thời trang nữ
27588.0,"Áo vest, blazer nữ",936,Áo khoác nữ,931,Thời trang nữ
27598.0,Áo thun - Áo khoác nỉ nữ,936,Áo khoác nữ,931,Thời trang nữ
49352.0,Áo khoác jeans nữ,936,Áo khoác nữ,931,Thời trang nữ
27596.0,Áo khoác dạ nữ,936,Áo khoác nữ,931,Thời trang nữ
49354.0,Áo khoác chống nắng nữ,936,Áo khoác nữ,931,Thời trang nữ
49356.0,Áo khoác phao nữ,936,Áo khoác nữ,931,Thời trang nữ
49358.0,Áo khoác da nữ,936,Áo khoác nữ,931,Thời trang nữ
49360.0,Áo khoác bomber jackets,936,Áo khoác nữ,931,Thời trang nữ
49362.0,Áo liền quần,1702,Áo liền quần - Bộ trang phục,931,Thời trang nữ
49364.0,Bộ trang phục,1702,Áo liền quần - Bộ trang phục,931,Thời trang nữ
10385.0,Áo dài,1702,Áo liền quần - Bộ trang phục,931,Thời trang nữ
49366.0,Đồ gia đình,4553,Đồ đôi - Đồ gia đình,931,Thời trang nữ
49368.0,Áo đôi,4553,Đồ đôi - Đồ gia đình,931,Thời trang nữ
49370.0,Quần đôi,4553,Đồ đôi - Đồ gia đình,931,Thời trang nữ
49374.0,Đầm bầu,49372,Thời trang bầu và sau sinh,931,Thời trang nữ
49376.0,Áo bầu,49372,Thời trang bầu và sau sinh,931,Thời trang nữ
49378.0,Quần bầu,49372,Thời trang bầu và sau sinh,931,Thời trang nữ
49380.0,Bộ đồ bầu,49372,Thời trang bầu và sau sinh,931,Thời trang nữ
49382.0,Đồ lót bầu,49372,Thời trang bầu và sau sinh,931,Thời trang nữ
,,49384,Thời trang trung niên,931,Thời trang nữ
1509.0,Áo ngực,4554,Đồ lót nữ,931,Thời trang nữ
1510.0,Quần lót nữ,4554,Đồ lót nữ,931,Thời trang nữ
8347.0,Nịt bụng,4554,Đồ lót nữ,931,Thời trang nữ
8344.0,Bộ đồ lót nữ,4554,Đồ lót nữ,931,Thời trang nữ
8346.0,Đồ ngủ nữ,1508,Đồ ngủ - Đồ mặc nhà nữ,931,Thời trang nữ
49432.0,Đồ mặc nhà,1508,Đồ ngủ - Đồ mặc nhà nữ,931,Thời trang nữ
49442.0,Bikini,6179,Trang phục bơi nữ,931,Thời trang nữ
27576.0,Đồ bơi một mảnh,6179,Trang phục bơi nữ,931,Thời trang nữ
27578.0,Đồ bơi hai mảnh,6179,Trang phục bơi nữ,931,Thời trang nữ
8275.0,Bánh,4421,Đồ Ăn Vặt,4384,Bách Hóa Online
8276.0,Kẹo,4421,Đồ Ăn Vặt,4384,Bách Hóa Online
8277.0,Chocolate,4421,Đồ Ăn Vặt,4384,Bách Hóa Online
8278.0,Snack,4421,Đồ Ăn Vặt,4384,Bách Hóa Online
10222.0,Bánh kẹo khác,4421,Đồ Ăn Vặt,4384,Bách Hóa Online
53526.0,Khô các loại,4421,Đồ Ăn Vặt,4384,Bách Hóa Online
53528.0,Các Loại Đồ Ăn Vặt Khác,4421,Đồ Ăn Vặt,4384,Bách Hóa Online
4393.0,Thực phẩm khô,15074,Thực phẩm Đóng hộp và Khô,4384,Bách Hóa Online
11304.0,Đặc sản Việt Nam,15074,Thực phẩm Đóng hộp và Khô,4384,Bách Hóa Online
4419.0,Đồ hộp,15074,Thực phẩm Đóng hộp và Khô,4384,Bách Hóa Online
53558.0,Thực phẩm khác,15074,Thực phẩm Đóng hộp và Khô,4384,Bách Hóa Online
4426.0,Đồ uống có gas,24024,Đồ Uống Không Cồn,4384,Bách Hóa Online
15076.0,Đồ uống không gas,24024,Đồ Uống Không Cồn,4384,Bách Hóa Online
8282.0,Gia vị dạng bột,4422,Gia Vị và Chế Biến,4384,Bách Hóa Online
8283.0,Gia vị dạng nước,4422,Gia Vị và Chế Biến,4384,Bách Hóa Online
5477.0,Dầu ăn,4422,Gia Vị và Chế Biến,4384,Bách Hóa Online
11256.0,Nấu ăn và làm bánh,4422,Gia Vị và Chế Biến,4384,Bách Hóa Online
53530.0,Thức ăn thú cưng,5451,Chăm sóc thú cưng,4384,Bách Hóa Online
53540.0,Phụ kiện thú cưng,5451,Chăm sóc thú cưng,4384,Bách Hóa Online
53574.0,Bánh Trung Thu,11347,Bộ quà tặng,4384,Bách Hóa Online
53576.0,Hộp Quà Tết,11347,Bộ quà tặng,4384,Bách Hóa Online
53578.0,Hộp Quà Tặng,11347,Bộ quà tặng,4384,Bách Hóa Online
53580.0,Hàng Mùa Vụ Khác,11347,Bộ quà tặng,4384,Bách Hóa Online
8274.0,Trà,22998,Đồ uống - Pha chế dạng bột,4384,Bách Hóa Online
4423.0,Cà phê,22998,Đồ uống - Pha chế dạng bột,4384,Bách Hóa Online
5478.0,"Ngũ cốc, bột",22998,Đồ uống - Pha chế dạng bột,4384,Bách Hóa Online
53560.0,Các Loại Đồ Uống Dạng Bột Khác,22998,Đồ uống - Pha chế dạng bột,4384,Bách Hóa Online
8273.0,Sữa nước,53562,Sữa và các Sản phẩm từ sữa,4384,Bách Hóa Online
4427.0,Sữa Chức Năng Dạng Bột,53562,Sữa và các Sản phẩm từ sữa,4384,Bách Hóa Online
5483.0,Bia và Nước hoa quả lên men,53582,Đồ uống có cồn,4384,Bách Hóa Online
11343.0,Rượu,53582,Đồ uống có cồn,4384,Bách Hóa Online
6548.0,"Hạt, củ, quả khô",53620,Đậu & Hạt Các Loại,4384,Bách Hóa Online
1977.0,Bóng bàn,8411,Các môn thể thao chơi vợt,1975,Thể Thao - Dã Ngoại
8438.0,Cầu lông,8411,Các môn thể thao chơi vợt,1975,Thể Thao - Dã Ngoại
8440.0,Tennis,8411,Các môn thể thao chơi vợt,1975,Thể Thao - Dã Ngoại
8443.0,Bóng chày,4227,Các môn thể thao đồng đội,1975,Thể Thao - Dã Ngoại
2980.0,Bóng rổ và dụng cụ bóng rổ,4227,Các môn thể thao đồng đội,1975,Thể Thao - Dã Ngoại
2981.0,Bóng Đá,4227,Các môn thể thao đồng đội,1975,Thể Thao - Dã Ngoại
8444.0,Bóng chuyền,4227,Các môn thể thao đồng đội,1975,Thể Thao - Dã Ngoại
2156.0,Cầu Đá - Cầu Mây,4227,Các môn thể thao đồng đội,1975,Thể Thao - Dã Ngoại
23948.0,Boxing,23120,Các môn thể thao đối kháng ,1975,Thể Thao - Dã Ngoại
23950.0,Kick Boxing,23120,Các môn thể thao đối kháng ,1975,Thể Thao - Dã Ngoại
23952.0,Muay Thái,23120,Các môn thể thao đối kháng ,1975,Thể Thao - Dã Ngoại
23954.0,MMA,23120,Các môn thể thao đối kháng ,1975,Thể Thao - Dã Ngoại
23956.0,Karatedo,23120,Các môn thể thao đối kháng ,1975,Thể Thao - Dã Ngoại
23958.0,Aikido,23120,Các môn thể thao đối kháng ,1975,Thể Thao - Dã Ngoại
23962.0,Đấu vật,23120,Các môn thể thao đối kháng ,1975,Thể Thao - Dã Ngoại
23966.0,Taekwondo,23120,Các môn thể thao đối kháng ,1975,Thể Thao - Dã Ngoại
23970.0,Judo,23120,Các môn thể thao đối kháng ,1975,Thể Thao - Dã Ngoại
23972.0,Vovinam,23120,Các môn thể thao đối kháng ,1975,Thể Thao - Dã Ngoại
23974.0,Võ cổ truyền,23120,Các môn thể thao đối kháng ,1975,Thể Thao - Dã Ngoại
8445.0,Thể dục dụng cụ,24002,Các môn thể thao khác,1975,Thể Thao - Dã Ngoại
24036.0,Bowling,24002,Các môn thể thao khác,1975,Thể Thao - Dã Ngoại
24052.0,Bida,24002,Các môn thể thao khác,1975,Thể Thao - Dã Ngoại
24058.0,Phóng phi tiêu,24002,Các môn thể thao khác,1975,Thể Thao - Dã Ngoại
24060.0,Bộ môn ném đĩa,24002,Các môn thể thao khác,1975,Thể Thao - Dã Ngoại
24064.0,Golf,24002,Các môn thể thao khác,1975,Thể Thao - Dã Ngoại
24068.0,Trượt patin,24002,Các môn thể thao khác,1975,Thể Thao - Dã Ngoại
24074.0,Yoga,24002,Các môn thể thao khác,1975,Thể Thao - Dã Ngoại
8437.0,Trượt ván,24002,Các môn thể thao khác,1975,Thể Thao - Dã Ngoại
24130.0,Máy chạy bộ,24128,Dụng cụ - thiết bị tập thể thao,1975,Thể Thao - Dã Ngoại
24132.0,Xe đạp tập,24128,Dụng cụ - thiết bị tập thể thao,1975,Thể Thao - Dã Ngoại
24134.0,Máy rung giảm cân,24128,Dụng cụ - thiết bị tập thể thao,1975,Thể Thao - Dã Ngoại
24136.0,Giàn tạ đa năng,24128,Dụng cụ - thiết bị tập thể thao,1975,Thể Thao - Dã Ngoại
24138.0,Xà đơn,24128,Dụng cụ - thiết bị tập thể thao,1975,Thể Thao - Dã Ngoại
24140.0,Xà kép,24128,Dụng cụ - thiết bị tập thể thao,1975,Thể Thao - Dã Ngoại
24142.0,"Dụng cụ - Thiết bị tập bụng, eo",24128,Dụng cụ - thiết bị tập thể thao,1975,Thể Thao - Dã Ngoại
24152.0,Dây nhảy,24128,Dụng cụ - thiết bị tập thể thao,1975,Thể Thao - Dã Ngoại
3323.0,Tạ tập,24128,Dụng cụ - thiết bị tập thể thao,1975,Thể Thao - Dã Ngoại
24164.0,Dây đàn hồi tập gym,24128,Dụng cụ - thiết bị tập thể thao,1975,Thể Thao - Dã Ngoại
24166.0,Dụng cụ tập cơ tay,24128,Dụng cụ - thiết bị tập thể thao,1975,Thể Thao - Dã Ngoại
24168.0,Dụng cụ hít đất,24128,Dụng cụ - thiết bị tập thể thao,1975,Thể Thao - Dã Ngoại
24170.0,Dụng cụ tập thể thao khác,24128,Dụng cụ - thiết bị tập thể thao,1975,Thể Thao - Dã Ngoại
24174.0,Giày chạy bộ nam,6826,Giày thể thao nam,1975,Thể Thao - Dã Ngoại
24176.0,Giày bóng chuyền nam,6826,Giày thể thao nam,1975,Thể Thao - Dã Ngoại
24178.0,Giày đá bóng nam,6826,Giày thể thao nam,1975,Thể Thao - Dã Ngoại
24180.0,Giày cầu lông nam,6826,Giày thể thao nam,1975,Thể Thao - Dã Ngoại
24182.0,Giày tennis nam,6826,Giày thể thao nam,1975,Thể Thao - Dã Ngoại
24184.0,Giày bóng rổ nam,6826,Giày thể thao nam,1975,Thể Thao - Dã Ngoại
24186.0,Giày bóng bàn nam,6826,Giày thể thao nam,1975,Thể Thao - Dã Ngoại
24188.0,Giày leo núi nam,6826,Giày thể thao nam,1975,Thể Thao - Dã Ngoại
24190.0,Giày đánh golf nam,6826,Giày thể thao nam,1975,Thể Thao - Dã Ngoại
30964.0,Giày thể thao nam khác,6826,Giày thể thao nam,1975,Thể Thao - Dã Ngoại
24196.0,Áo thể thao nam,6140,Trang phục thể thao nam,1975,Thể Thao - Dã Ngoại
24198.0,Quần thể thao nam,6140,Trang phục thể thao nam,1975,Thể Thao - Dã Ngoại
24200.0,Quần áo đá banh nam,6140,Trang phục thể thao nam,1975,Thể Thao - Dã Ngoại
24202.0,Quần áo cầu lông nam,6140,Trang phục thể thao nam,1975,Thể Thao - Dã Ngoại
24204.0,Quần áo golf nam,6140,Trang phục thể thao nam,1975,Thể Thao - Dã Ngoại
24206.0,Quần áo tennis nam,6140,Trang phục thể thao nam,1975,Thể Thao - Dã Ngoại
24208.0,Quần áo bóng bàn nam,6140,Trang phục thể thao nam,1975,Thể Thao - Dã Ngoại
24212.0,Quần áo bóng chuyền nam,6140,Trang phục thể thao nam,1975,Thể Thao - Dã Ngoại
24214.0,Quần áo bóng rổ nam,6140,Trang phục thể thao nam,1975,Thể Thao - Dã Ngoại
24218.0,Giày chạy bộ nữ,6827,Giày thể thao nữ,1975,Thể Thao - Dã Ngoại
24222.0,Giày cầu lông nữ,6827,Giày thể thao nữ,1975,Thể Thao - Dã Ngoại
24224.0,Giày tennis nữ,6827,Giày thể thao nữ,1975,Thể Thao - Dã Ngoại
24226.0,Giày bóng rổ nữ,6827,Giày thể thao nữ,1975,Thể Thao - Dã Ngoại
24228.0,Giày leo núi nữ,6827,Giày thể thao nữ,1975,Thể Thao - Dã Ngoại
32874.0,Giày thể thao nữ khác,6827,Giày thể thao nữ,1975,Thể Thao - Dã Ngoại
24238.0,Áo thể thao nữ,6141,Trang phục thể thao nữ,1975,Thể Thao - Dã Ngoại
24240.0,Quần thể thao nữ,6141,Trang phục thể thao nữ,1975,Thể Thao - Dã Ngoại
24242.0,Quần áo đá banh nữ,6141,Trang phục thể thao nữ,1975,Thể Thao - Dã Ngoại
24244.0,Quần áo golf nữ,6141,Trang phục thể thao nữ,1975,Thể Thao - Dã Ngoại
24246.0,Quần áo cầu lông nữ,6141,Trang phục thể thao nữ,1975,Thể Thao - Dã Ngoại
24248.0,Quần áo tennis nữ,6141,Trang phục thể thao nữ,1975,Thể Thao - Dã Ngoại
24254.0,Quần áo bóng chuyền nữ,6141,Trang phục thể thao nữ,1975,Thể Thao - Dã Ngoại
24260.0,Gậy leo núi,24258,Dụng cụ leo núi,1975,Thể Thao - Dã Ngoại
24262.0,Thiết bị hỗ trợ leo dây,24258,Dụng cụ leo núi,1975,Thể Thao - Dã Ngoại
24264.0,Dụng cụ bảo hộ leo núi,24258,Dụng cụ leo núi,1975,Thể Thao - Dã Ngoại
24266.0,Balo leo núi,24258,Dụng cụ leo núi,1975,Thể Thao - Dã Ngoại
24268.0,Phụ kiện leo núi khác,24258,Dụng cụ leo núi,1975,Thể Thao - Dã Ngoại
24272.0,Dao xếp đa năng,8428,Đồ dùng dã ngoại,1975,Thể Thao - Dã Ngoại
24274.0,Kìm đa năng,8428,Đồ dùng dã ngoại,1975,Thể Thao - Dã Ngoại
24276.0,Bật lửa Zippo,8428,Đồ dùng dã ngoại,1975,Thể Thao - Dã Ngoại
24278.0,"Lều trại, mái che",8428,Đồ dùng dã ngoại,1975,Thể Thao - Dã Ngoại
24280.0,Túi ngủ,8428,Đồ dùng dã ngoại,1975,Thể Thao - Dã Ngoại
24282.0,Thảm dã ngoại,8428,Đồ dùng dã ngoại,1975,Thể Thao - Dã Ngoại
3242.0,Đèn pin đội đầu,8428,Đồ dùng dã ngoại,1975,Thể Thao - Dã Ngoại
24284.0,La bàn,8428,Đồ dùng dã ngoại,1975,Thể Thao - Dã Ngoại
24286.0,"Trang phục, phụ kiện chống thấm nước",8428,Đồ dùng dã ngoại,1975,Thể Thao - Dã Ngoại
24288.0,"Bàn, ghế xếp dã ngoại",8428,Đồ dùng dã ngoại,1975,Thể Thao - Dã Ngoại
24290.0,"Bếp, nồi dã ngoại",8428,Đồ dùng dã ngoại,1975,Thể Thao - Dã Ngoại
24292.0,Đồ dùng dã ngoại khác,8428,Đồ dùng dã ngoại,1975,Thể Thao - Dã Ngoại
24296.0,Cần câu,24294,Dụng cụ câu cá,1975,Thể Thao - Dã Ngoại
24298.0,Lưỡi - Mồi - Phao,24294,Dụng cụ câu cá,1975,Thể Thao - Dã Ngoại
24300.0,Dây câu,24294,Dụng cụ câu cá,1975,Thể Thao - Dã Ngoại
24302.0,Máy câu,24294,Dụng cụ câu cá,1975,Thể Thao - Dã Ngoại
24304.0,Dụng cụ câu cá khác,24294,Dụng cụ câu cá,1975,Thể Thao - Dã Ngoại
8459.0,Bình nước thể thao,24306,Phụ kiện thể thao,1975,Thể Thao - Dã Ngoại
8451.0,"Dụng cụ cổ động, cổ vũ",24306,Phụ kiện thể thao,1975,Thể Thao - Dã Ngoại
24308.0,Thiết bị điện tử thể thao,24306,Phụ kiện thể thao,1975,Thể Thao - Dã Ngoại
8458.0,Thiết bị sơ cứu,24306,Phụ kiện thể thao,1975,Thể Thao - Dã Ngoại
24310.0,Đai chạy bộ,24306,Phụ kiện thể thao,1975,Thể Thao - Dã Ngoại
8456.0,Túi thể thao,24306,Phụ kiện thể thao,1975,Thể Thao - Dã Ngoại
12218.0,"Băng cổ tay, băng trán thể thao",24306,Phụ kiện thể thao,1975,Thể Thao - Dã Ngoại
24312.0,"Nón, mũ thể thao",24306,Phụ kiện thể thao,1975,Thể Thao - Dã Ngoại
24314.0,"Khăn đa năng, khăn thể thao",24306,Phụ kiện thể thao,1975,Thể Thao - Dã Ngoại
24316.0,Găng tay tập gym,24306,Phụ kiện thể thao,1975,Thể Thao - Dã Ngoại
24318.0,Phụ kiện thể thao khác,24306,Phụ kiện thể thao,1975,Thể Thao - Dã Ngoại
39752.0,Vớ thể thao,24306,Phụ kiện thể thao,1975,Thể Thao - Dã Ngoại
2157.0,Bơi lội,8413,Thể thao dưới nước,1975,Thể Thao - Dã Ngoại
8447.0,Lướt ván,8413,Thể thao dưới nước,1975,Thể Thao - Dã Ngoại
8448.0,Chèo thuyền,8413,Thể thao dưới nước,1975,Thể Thao - Dã Ngoại
8450.0,Phao trượt,8413,Thể thao dưới nước,1975,Thể Thao - Dã Ngoại
24328.0,Lặn biển,8413,Thể thao dưới nước,1975,Thể Thao - Dã Ngoại
10804.0,Thực phẩm tăng cân,10803,Thực phẩm bổ sung năng lượng,1975,Thể Thao - Dã Ngoại
10805.0,Thực phẩm giảm cân,10803,Thực phẩm bổ sung năng lượng,1975,Thể Thao - Dã Ngoại
10806.0,Thực phẩm tăng cơ,10803,Thực phẩm bổ sung năng lượng,1975,Thể Thao - Dã Ngoại
10807.0,Thực phẩm tăng sức bền,10803,Thực phẩm bổ sung năng lượng,1975,Thể Thao - Dã Ngoại
10808.0,Bổ sung năng lượng,10803,Thực phẩm bổ sung năng lượng,1975,Thể Thao - Dã Ngoại
10809.0,Bổ sung vitamin,10803,Thực phẩm bổ sung năng lượng,1975,Thể Thao - Dã Ngoại
24338.0,Bổ sung năng lượng khác,10803,Thực phẩm bổ sung năng lượng,1975,Thể Thao - Dã Ngoại
24340.0,Bổ sung vitamin và điện giải,10803,Thực phẩm bổ sung năng lượng,1975,Thể Thao - Dã Ngoại
5333.0,Áo thun nam ngắn tay có cổ,917,Áo thun nam,915,Thời trang nam
1685.0,Áo thun nam ngắn tay không cổ,917,Áo thun nam,915,Thời trang nam
10378.0,Áo thun nam ba lỗ,917,Áo thun nam,915,Thời trang nam
8336.0,Áo thun nam dài tay,917,Áo thun nam,915,Thời trang nam
10379.0,Áo sơ mi nam tay dài,918,Áo sơ mi nam,915,Thời trang nam
10380.0,Áo sơ mi nam tay ngắn,918,Áo sơ mi nam,915,Thời trang nam
49444.0,Áo sơ mi nam cổ tàu,918,Áo sơ mi nam,915,Thời trang nam
10381.0,Áo khoác phao nam,925,Áo vest - Áo khoác nam,915,Thời trang nam
49456.0,Áo khoác da nam,925,Áo vest - Áo khoác nam,915,Thời trang nam
49458.0,Áo khoác gió,925,Áo vest - Áo khoác nam,915,Thời trang nam
49460.0,Áo khoác nỉ,925,Áo vest - Áo khoác nam,915,Thời trang nam
49464.0,Áo khoác bomber nam,925,Áo vest - Áo khoác nam,915,Thời trang nam
49508.0,Áo khoác jeans nam,925,Áo vest - Áo khoác nam,915,Thời trang nam
27552.0,Áo cardigan nam,925,Áo vest - Áo khoác nam,915,Thời trang nam
27566.0,Bộ vest nam,925,Áo vest - Áo khoác nam,915,Thời trang nam
49510.0,Áo hoodies nam vải da cá,10382,Áo hoodie nam,915,Thời trang nam
49512.0,Áo hoodies nam vải nỉ,10382,Áo hoodie nam,915,Thời trang nam
49514.0,Áo hoodies nam vải cotton,10382,Áo hoodie nam,915,Thời trang nam
27554.0,Áo len dệt kim,4546,Áo nỉ - Áo len nam,915,Thời trang nam
22900.0,Áo nỉ nam,4546,Áo nỉ - Áo len nam,915,Thời trang nam
920.0,Quần jeans nam,27562,Quần nam,915,Thời trang nam
922.0,Quần tây nam,27562,Quần nam,915,Thời trang nam
921.0,Quần kaki nam,27562,Quần nam,915,Thời trang nam
5409.0,Quần jogger nam,27562,Quần nam,915,Thời trang nam
49502.0,Quần thun nam,27562,Quần nam,915,Thời trang nam
2269.0,Đồ mặc nhà nam - Bộ dài,27570,"Đồ ngủ, đồ mặc nhà nam",915,Thời trang nam
4555.0,Đồ mặc nhà nam - Bộ ngắn,27570,"Đồ ngủ, đồ mặc nhà nam",915,Thời trang nam
49518.0,Áo đôi,49516,Đồ đôi - Đồ gia đình nam,915,Thời trang nam
49520.0,Quần đôi,49516,Đồ đôi - Đồ gia đình nam,915,Thời trang nam
49522.0,Áo gia đình,49516,Đồ đôi - Đồ gia đình nam,915,Thời trang nam
4556.0,Quần lót nam,27548,Đồ lót nam,915,Thời trang nam
4557.0,Bộ đồ lót nam,27548,Đồ lót nam,915,Thời trang nam
49526.0,Áo nam kích cỡ lớn,49524,Quần áo nam kích cỡ lớn,915,Thời trang nam
49528.0,Quần nam kích cỡ lớn,49524,Quần áo nam kích cỡ lớn,915,Thời trang nam
49530.0,Bộ quần áo nam kích cỡ lớn,49524,Quần áo nam kích cỡ lớn,915,Thời trang nam
49534.0,Áo nam trung niên,49532,Quần áo nam trung niên,915,Thời trang nam
49536.0,Quần nam trung niên,49532,Quần áo nam trung niên,915,Thời trang nam
49538.0,Áo bơi - đi biển nam,16004,Đồ bơi - Đồ đi biển nam,915,Thời trang nam
49540.0,Quần bơi - đi biển nam,16004,Đồ bơi - Đồ đi biển nam,915,Thời trang nam
20768.0,Bánh kẹo,20766,Bách hóa online,17166,Cross Border - Hàng Quốc Tế
20770.0,Chăm sóc thú cưng,20766,Bách hóa online,17166,Cross Border - Hàng Quốc Tế
20784.0,Đồ uống,20766,Bách hóa online,17166,Cross Border - Hàng Quốc Tế
20800.0,Gia vị,20766,Bách hóa online,17166,Cross Border - Hàng Quốc Tế
20806.0,Nấu ăn và làm bánh,20766,Bách hóa online,17166,Cross Border - Hàng Quốc Tế
20808.0,Thực phẩm bổ dưỡng,20766,Bách hóa online,17166,Cross Border - Hàng Quốc Tế
20810.0,Thực phẩm khô,20766,Bách hóa online,17166,Cross Border - Hàng Quốc Tế
20826.0,Điện lạnh,20824,Điện gia dụng,17166,Cross Border - Hàng Quốc Tế
20828.0,Thiết bị nhà bếp,20824,Điện gia dụng,17166,Cross Border - Hàng Quốc Tế
20862.0,Thiết bị gia đình,20824,Điện gia dụng,17166,Cross Border - Hàng Quốc Tế
24986.0,Phụ kiện điện gia dụng,20824,Điện gia dụng,17166,Cross Border - Hàng Quốc Tế
20910.0,Chăm sóc cá nhân,20908,Làm Đẹp - Sức Khỏe,17166,Cross Border - Hàng Quốc Tế
20928.0,Chăm sóc cơ thể,20908,Làm Đẹp - Sức Khỏe,17166,Cross Border - Hàng Quốc Tế
20962.0,Chăm sóc da mặt,20908,Làm Đẹp - Sức Khỏe,17166,Cross Border - Hàng Quốc Tế
20980.0,Chăm sóc tóc và da đầu,20908,Làm Đẹp - Sức Khỏe,17166,Cross Border - Hàng Quốc Tế
20992.0,Nước hoa,20908,Làm Đẹp - Sức Khỏe,17166,Cross Border - Hàng Quốc Tế
21000.0,Thiết bị chăm sóc sức khỏe,20908,Làm Đẹp - Sức Khỏe,17166,Cross Border - Hàng Quốc Tế
21014.0,Thiết bị làm đẹp,20908,Làm Đẹp - Sức Khỏe,17166,Cross Border - Hàng Quốc Tế
21022.0,Thực phẩm chức năng,20908,Làm Đẹp - Sức Khỏe,17166,Cross Border - Hàng Quốc Tế
21032.0,Trang điểm,20908,Làm Đẹp - Sức Khỏe,17166,Cross Border - Hàng Quốc Tế
21056.0,Điện Thoại Phổ Thông,21054,Điện Thoại - Máy Tính Bảng,17166,Cross Border - Hàng Quốc Tế
21060.0,Máy Tính Bảng,21054,Điện Thoại - Máy Tính Bảng,17166,Cross Border - Hàng Quốc Tế
21076.0,Laptop,21074,Laptop & Máy Vi Tính,17166,Cross Border - Hàng Quốc Tế
21084.0,Linh kiện máy tính,21074,Laptop & Máy Vi Tính,17166,Cross Border - Hàng Quốc Tế
21086.0,Màn hình máy tính,21074,Laptop & Máy Vi Tính,17166,Cross Border - Hàng Quốc Tế
21088.0,Máy chiếu,21074,Laptop & Máy Vi Tính,17166,Cross Border - Hàng Quốc Tế
21092.0,Máy in - Máy Scan,21074,Laptop & Máy Vi Tính,17166,Cross Border - Hàng Quốc Tế
21094.0,Máy in - Máy Scan,21074,Laptop & Máy Vi Tính,17166,Cross Border - Hàng Quốc Tế
21106.0,Thiết bị lưu trữ,21074,Laptop & Máy Vi Tính,17166,Cross Border - Hàng Quốc Tế
21110.0,Thiết bị lưu trữ,21074,Laptop & Máy Vi Tính,17166,Cross Border - Hàng Quốc Tế
21132.0,Thiết bị mạng,21074,Laptop & Máy Vi Tính,17166,Cross Border - Hàng Quốc Tế
21170.0,"Chăm sóc mẹ mang thai, sau sinh",21166,Mẹ & Bé,17166,Cross Border - Hàng Quốc Tế
21172.0,Dinh dưỡng cho bé,21166,Mẹ & Bé,17166,Cross Border - Hàng Quốc Tế
21174.0,Dinh dưỡng cho người lớn,21166,Mẹ & Bé,17166,Cross Border - Hàng Quốc Tế
21176.0,Đồ chơi,21166,Mẹ & Bé,17166,Cross Border - Hàng Quốc Tế
21180.0,Đồ dùng cho bé,21166,Mẹ & Bé,17166,Cross Border - Hàng Quốc Tế
21246.0,Đồ dùng cho người già,21166,Mẹ & Bé,17166,Cross Border - Hàng Quốc Tế
21248.0,"Tã, Bỉm cho bé",21166,Mẹ & Bé,17166,Cross Border - Hàng Quốc Tế
21250.0,Thời trang cho mẹ và bé,21166,Mẹ & Bé,17166,Cross Border - Hàng Quốc Tế
21270.0,Dụng cụ phòng ăn & nhà bếp,21268,Nhà Cửa - Đời Sống,17166,Cross Border - Hàng Quốc Tế
21272.0,Đèn & thiết bị chiếu sáng,21268,Nhà Cửa - Đời Sống,17166,Cross Border - Hàng Quốc Tế
21274.0,Đồ dùng nhà tắm,21268,Nhà Cửa - Đời Sống,17166,Cross Border - Hàng Quốc Tế
21276.0,Đồ dùng phòng ngủ,21268,Nhà Cửa - Đời Sống,17166,Cross Border - Hàng Quốc Tế
21280.0,Ngoài trời & sân vườn,21268,Nhà Cửa - Đời Sống,17166,Cross Border - Hàng Quốc Tế
21282.0,Sửa chữa nhà cửa,21268,Nhà Cửa - Đời Sống,17166,Cross Border - Hàng Quốc Tế
21284.0,Nhạc cụ,21268,Nhà Cửa - Đời Sống,17166,Cross Border - Hàng Quốc Tế
21286.0,Nội thất,21268,Nhà Cửa - Đời Sống,17166,Cross Border - Hàng Quốc Tế
21288.0,Trang trí nhà cửa,21268,Nhà Cửa - Đời Sống,17166,Cross Border - Hàng Quốc Tế
24996.0,Bảo vệ nhà cửa,21268,Nhà Cửa - Đời Sống,17166,Cross Border - Hàng Quốc Tế
24998.0,Sắp xếp nhà cửa,21268,Nhà Cửa - Đời Sống,17166,Cross Border - Hàng Quốc Tế
25000.0,Thiết bị nhà cửa khác,21268,Nhà Cửa - Đời Sống,17166,Cross Border - Hàng Quốc Tế
21300.0,English Books,21298,"Sách, Văn phòng phẩm & Quà lưu niệm",17166,Cross Border - Hàng Quốc Tế
21334.0,Văn Phòng Phẩm,21298,"Sách, Văn phòng phẩm & Quà lưu niệm",17166,Cross Border - Hàng Quốc Tế
25008.0,Quà Tặng,21298,"Sách, Văn phòng phẩm & Quà lưu niệm",17166,Cross Border - Hàng Quốc Tế
21348.0,Phụ kiện ô tô,21346,"Ô tô, xe máy, xe đạp",17166,Cross Border - Hàng Quốc Tế
21350.0,Phụ kiện xe máy,21346,"Ô tô, xe máy, xe đạp",17166,Cross Border - Hàng Quốc Tế
21352.0,Phụ kiện xe đạp,21346,"Ô tô, xe máy, xe đạp",17166,Cross Border - Hàng Quốc Tế
21354.0,Phụ kiện khác,21346,"Ô tô, xe máy, xe đạp",17166,Cross Border - Hàng Quốc Tế
21358.0,Các môn thể thao chơi vợt,21356,Thể thao - Dã ngoại,17166,Cross Border - Hàng Quốc Tế
21360.0,Các môn thể thao đồng đội,21356,Thể thao - Dã ngoại,17166,Cross Border - Hàng Quốc Tế
21362.0,Các môn thể dục và yoga,21356,Thể thao - Dã ngoại,17166,Cross Border - Hàng Quốc Tế
21364.0,Đấm bốc & Võ thuật,21356,Thể thao - Dã ngoại,17166,Cross Border - Hàng Quốc Tế
21368.0,Hoạt động dã ngoại,21356,Thể thao - Dã ngoại,17166,Cross Border - Hàng Quốc Tế
21370.0,"Phụ kiện thể thao, dã ngoại",21356,Thể thao - Dã ngoại,17166,Cross Border - Hàng Quốc Tế
21372.0,Thể thao dưới nước,21356,Thể thao - Dã ngoại,17166,Cross Border - Hàng Quốc Tế
21374.0,Thực phẩm bổ sung năng lượng,21356,Thể thao - Dã ngoại,17166,Cross Border - Hàng Quốc Tế
21384.0,Bao da - Ốp lưng,21382,Thiết Bị Số - Phụ Kiện Số,17166,Cross Border - Hàng Quốc Tế
21386.0,Màn hình & miếng dán màn hình,21382,Thiết Bị Số - Phụ Kiện Số,17166,Cross Border - Hàng Quốc Tế
21388.0,Adapter - Củ sạc,21382,Thiết Bị Số - Phụ Kiện Số,17166,Cross Border - Hàng Quốc Tế
21390.0,"Dây sạc, Dây cáp",21382,Thiết Bị Số - Phụ Kiện Số,17166,Cross Border - Hàng Quốc Tế
21392.0,Đầu đọc thẻ nhớ,21382,Thiết Bị Số - Phụ Kiện Số,17166,Cross Border - Hàng Quốc Tế
21396.0,Đế Tản Nhiệt Laptop,21382,Thiết Bị Số - Phụ Kiện Số,17166,Cross Border - Hàng Quốc Tế
21398.0,Đồ chơi công nghệ,21382,Thiết Bị Số - Phụ Kiện Số,17166,Cross Border - Hàng Quốc Tế
21400.0,Thiết bị Game,21382,Thiết Bị Số - Phụ Kiện Số,17166,Cross Border - Hàng Quốc Tế
21402.0,Gậy tự sướng/ Selfie,21382,Thiết Bị Số - Phụ Kiện Số,17166,Cross Border - Hàng Quốc Tế
21404.0,Hub USB,21382,Thiết Bị Số - Phụ Kiện Số,17166,Cross Border - Hàng Quốc Tế
21406.0,Loa nghe nhạc,21382,Thiết Bị Số - Phụ Kiện Số,17166,Cross Border - Hàng Quốc Tế
21410.0,Máy nghe nhạc,21382,Thiết Bị Số - Phụ Kiện Số,17166,Cross Border - Hàng Quốc Tế
21412.0,Phụ kiện âm thanh,21382,Thiết Bị Số - Phụ Kiện Số,17166,Cross Border - Hàng Quốc Tế
21414.0,Pin sạc dự phòng,21382,Thiết Bị Số - Phụ Kiện Số,17166,Cross Border - Hàng Quốc Tế
21416.0,Sim điện thoại,21382,Thiết Bị Số - Phụ Kiện Số,17166,Cross Border - Hàng Quốc Tế
21418.0,Tai nghe,21382,Thiết Bị Số - Phụ Kiện Số,17166,Cross Border - Hàng Quốc Tế
21420.0,Thẻ nhớ điện thoại,21382,Thiết Bị Số - Phụ Kiện Số,17166,Cross Border - Hàng Quốc Tế
21422.0,Thiết bị thông minh,21382,Thiết Bị Số - Phụ Kiện Số,17166,Cross Border - Hàng Quốc Tế
21436.0,Thiết bị mạng,21382,Thiết Bị Số - Phụ Kiện Số,17166,Cross Border - Hàng Quốc Tế
21440.0,Thiết bị số - Khác,21382,Thiết Bị Số - Phụ Kiện Số,17166,Cross Border - Hàng Quốc Tế
25010.0,Loa vi tính,21382,Thiết Bị Số - Phụ Kiện Số,17166,Cross Border - Hàng Quốc Tế
25014.0,Microphone,21382,Thiết Bị Số - Phụ Kiện Số,17166,Cross Border - Hàng Quốc Tế
25016.0,Máy ghi âm,21382,Thiết Bị Số - Phụ Kiện Số,17166,Cross Border - Hàng Quốc Tế
25022.0,Portable Amplifier,21382,Thiết Bị Số - Phụ Kiện Số,17166,Cross Border - Hàng Quốc Tế
25024.0,Chuột,21382,Thiết Bị Số - Phụ Kiện Số,17166,Cross Border - Hàng Quốc Tế
25026.0,Bàn phím,21382,Thiết Bị Số - Phụ Kiện Số,17166,Cross Border - Hàng Quốc Tế
25028.0,Linh kiện điện thoại,21382,Thiết Bị Số - Phụ Kiện Số,17166,Cross Border - Hàng Quốc Tế
21444.0,Thời trang nam,21442,Thời Trang,17166,Cross Border - Hàng Quốc Tế
21462.0,Thời trang nữ,21442,Thời Trang,17166,Cross Border - Hàng Quốc Tế
21478.0,Trang Sức,21442,Thời Trang,17166,Cross Border - Hàng Quốc Tế
21488.0,Túi xách và Phụ kiện,21442,Thời Trang,17166,Cross Border - Hàng Quốc Tế
25034.0,Phụ kiện thời trang khác,21442,Thời Trang,17166,Cross Border - Hàng Quốc Tế
21366.0,Giày & trang phục thể thao,21442,Thời Trang,17166,Cross Border - Hàng Quốc Tế
29010.0,Laptop Truyền Thống,8095,Laptop,1846,Laptop - Máy Vi Tính - Linh kiện
2458.0,Macbook,8095,Laptop,1846,Laptop - Máy Vi Tính - Linh kiện
5584.0,Laptop Gaming,8095,Laptop,1846,Laptop - Máy Vi Tính - Linh kiện
29008.0,Laptop 2 trong 1,8095,Laptop,1846,Laptop - Máy Vi Tính - Linh kiện
2665.0,Màn Hình Máy Tính,12884,Thiết Bị Văn Phòng - Thiết Bị Ngoại Vi,1846,Laptop - Máy Vi Tính - Linh kiện
2308.0,Máy In - Photocopy,12884,Thiết Bị Văn Phòng - Thiết Bị Ngoại Vi,1846,Laptop - Máy Vi Tính - Linh kiện
6255.0,Phần Mềm Máy Tính,12884,Thiết Bị Văn Phòng - Thiết Bị Ngoại Vi,1846,Laptop - Máy Vi Tính - Linh kiện
4532.0,Mực In và Toner,12884,Thiết Bị Văn Phòng - Thiết Bị Ngoại Vi,1846,Laptop - Máy Vi Tính - Linh kiện
4542.0,Máy Scan Tài Liệu,12884,Thiết Bị Văn Phòng - Thiết Bị Ngoại Vi,1846,Laptop - Máy Vi Tính - Linh kiện
8086.0,Giấy In,12884,Thiết Bị Văn Phòng - Thiết Bị Ngoại Vi,1846,Laptop - Máy Vi Tính - Linh kiện
2664.0,Máy Chiếu và Phụ Kiện Máy Chiếu,12884,Thiết Bị Văn Phòng - Thiết Bị Ngoại Vi,1846,Laptop - Máy Vi Tính - Linh kiện
30020.0,Máy Scan Mã Vạch,12884,Thiết Bị Văn Phòng - Thiết Bị Ngoại Vi,1846,Laptop - Máy Vi Tính - Linh kiện
10089.0,Máy Hủy Tài Liệu,12884,Thiết Bị Văn Phòng - Thiết Bị Ngoại Vi,1846,Laptop - Máy Vi Tính - Linh kiện
12886.0,Máy Chấm Công,12884,Thiết Bị Văn Phòng - Thiết Bị Ngoại Vi,1846,Laptop - Máy Vi Tính - Linh kiện
8088.0,Máy Fax,12884,Thiết Bị Văn Phòng - Thiết Bị Ngoại Vi,1846,Laptop - Máy Vi Tính - Linh kiện
29006.0,Máy Đếm Tiền,12884,Thiết Bị Văn Phòng - Thiết Bị Ngoại Vi,1846,Laptop - Máy Vi Tính - Linh kiện
12890.0,Thiết Bị Truyền Thông Hội Nghị,12884,Thiết Bị Văn Phòng - Thiết Bị Ngoại Vi,1846,Laptop - Máy Vi Tính - Linh kiện
28844.0,Ổ Cứng Gắn Trong,8060,Thiết Bị Lưu Trữ,1846,Laptop - Máy Vi Tính - Linh kiện
1827.0,Ổ Cứng Di Động,8060,Thiết Bị Lưu Trữ,1846,Laptop - Máy Vi Tính - Linh kiện
5350.0,Case Ổ Cứng- Hộp Đựng HDD Box - Dock Ổ Cứng,8060,Thiết Bị Lưu Trữ,1846,Laptop - Máy Vi Tính - Linh kiện
5349.0,Thiết Bị Lưu Trữ Qua Mạng NAS,8060,Thiết Bị Lưu Trữ,1846,Laptop - Máy Vi Tính - Linh kiện
1828.0,USB,8060,Thiết Bị Lưu Trữ,1846,Laptop - Máy Vi Tính - Linh kiện
28838.0,Đĩa Trắng - Băng Cuộn,8060,Thiết Bị Lưu Trữ,1846,Laptop - Máy Vi Tính - Linh kiện
13150.0,Thiết Bị Phát Sóng Wifi,2663,Thiết Bị Mạng,1846,Laptop - Máy Vi Tính - Linh kiện
4343.0,Bộ Kích Sóng Wifi,2663,Thiết Bị Mạng,1846,Laptop - Máy Vi Tính - Linh kiện
4345.0,Bộ Phát Wifi Di Động 3G/4G - Mifi,2663,Thiết Bị Mạng,1846,Laptop - Máy Vi Tính - Linh kiện
4454.0,Bộ Chia Mạng - Switch,2663,Thiết Bị Mạng,1846,Laptop - Máy Vi Tính - Linh kiện
4642.0,Phụ Kiện Thiết Bị Mạng,2663,Thiết Bị Mạng,1846,Laptop - Máy Vi Tính - Linh kiện
28894.0,Bộ Chuyển Đổi - Transceivers,2663,Thiết Bị Mạng,1846,Laptop - Máy Vi Tính - Linh kiện
4346.0,Mở Rộng Mạng Qua Đường Điện - Powerline Ethernet,2663,Thiết Bị Mạng,1846,Laptop - Máy Vi Tính - Linh kiện
7361.0,Card Mạng,2663,Thiết Bị Mạng,1846,Laptop - Máy Vi Tính - Linh kiện
28896.0,Ăng-Ten Mạng,2663,Thiết Bị Mạng,1846,Laptop - Máy Vi Tính - Linh kiện
4585.0,Modem ADSL,2663,Thiết Bị Mạng,1846,Laptop - Máy Vi Tính - Linh kiện
8094.0,Máy Tính All in one,8093,PC - Máy Tính Bộ,1846,Laptop - Máy Vi Tính - Linh kiện
7369.0,Mini PC,8093,PC - Máy Tính Bộ,1846,Laptop - Máy Vi Tính - Linh kiện
5172.0,Máy Tính Để Bàn Lắp Ráp,8093,PC - Máy Tính Bộ,1846,Laptop - Máy Vi Tính - Linh kiện
29014.0,Towers - Máy Chủ - Server,8093,PC - Máy Tính Bộ,1846,Laptop - Máy Vi Tính - Linh kiện
29016.0,Máy Tính Bộ Thương Hiệu,8093,PC - Máy Tính Bộ,1846,Laptop - Máy Vi Tính - Linh kiện
28900.0,Nguồn Máy Tính,8129,Linh Kiện Máy Tính - Phụ Kiện Máy Tính,1846,Laptop - Máy Vi Tính - Linh kiện
11964.0,Bộ Lưu Điện - UPS,8129,Linh Kiện Máy Tính - Phụ Kiện Máy Tính,1846,Laptop - Máy Vi Tính - Linh kiện
11956.0,Mainboard - Board Mạch Chủ,8129,Linh Kiện Máy Tính - Phụ Kiện Máy Tính,1846,Laptop - Máy Vi Tính - Linh kiện
11962.0,Bộ Vi Xử Lý CPU,8129,Linh Kiện Máy Tính - Phụ Kiện Máy Tính,1846,Laptop - Máy Vi Tính - Linh kiện
11960.0,Vỏ Case - Thùng Máy,8129,Linh Kiện Máy Tính - Phụ Kiện Máy Tính,1846,Laptop - Máy Vi Tính - Linh kiện
28902.0,Hệ Thống Tản Nhiệt,8129,Linh Kiện Máy Tính - Phụ Kiện Máy Tính,1846,Laptop - Máy Vi Tính - Linh kiện
11958.0,Card Màn Hình - VGA,8129,Linh Kiện Máy Tính - Phụ Kiện Máy Tính,1846,Laptop - Máy Vi Tính - Linh kiện
11966.0,Sound Card - Card Âm Thanh,8129,Linh Kiện Máy Tính - Phụ Kiện Máy Tính,1846,Laptop - Máy Vi Tính - Linh kiện
2680.0,RAM Máy Tính,8129,Linh Kiện Máy Tính - Phụ Kiện Máy Tính,1846,Laptop - Máy Vi Tính - Linh kiện
28908.0,Ổ Đĩa Quang,8129,Linh Kiện Máy Tính - Phụ Kiện Máy Tính,1846,Laptop - Máy Vi Tính - Linh kiện
28910.0,I/O Port Cards,8129,Linh Kiện Máy Tính - Phụ Kiện Máy Tính,1846,Laptop - Máy Vi Tính - Linh kiện
28914.0,Thiết Bị Streaming và Capture Cards,8129,Linh Kiện Máy Tính - Phụ Kiện Máy Tính,1846,Laptop - Máy Vi Tính - Linh kiện
28916.0,KVM Switches - Switch HDMI,8129,Linh Kiện Máy Tính - Phụ Kiện Máy Tính,1846,Laptop - Máy Vi Tính - Linh kiện
11968.0,Linh Kiện Máy Tính Khác,8129,Linh Kiện Máy Tính - Phụ Kiện Máy Tính,1846,Laptop - Máy Vi Tính - Linh kiện
28918.0,Linh Kiện Thay Thế Cho Laptop,8129,Linh Kiện Máy Tính - Phụ Kiện Máy Tính,1846,Laptop - Máy Vi Tính - Linh kiện
49620.0,Giày thể thao nam cổ thấp,27572,Giày thể thao nam,1686,Giày - Dép nam
49622.0,Giày thể thao nam cổ cao,27572,Giày thể thao nam,1686,Giày - Dép nam
49624.0,Giày lười vải nam,5340,Giày lười nam,1686,Giày - Dép nam
49626.0,Giày lười da nam,5340,Giày lười nam,1686,Giày - Dép nam
49628.0,Giày lười nhựa nam,5340,Giày lười nam,1686,Giày - Dép nam
49630.0,Giày tây nam có dây,1581,Giày tây nam,1686,Giày - Dép nam
49632.0,Giày tây nam không dây,1581,Giày tây nam,1686,Giày - Dép nam
49634.0,Giày sandals nam quai ngang,5341,Giày sandals nam,1686,Giày - Dép nam
49636.0,Giày sandals nam quai chéo,5341,Giày sandals nam,1686,Giày - Dép nam
10383.0,Dép nam xỏ ngón,5342,Dép nam,1686,Giày - Dép nam
10384.0,Dép nam quai ngang,5342,Dép nam,1686,Giày - Dép nam
49638.0,Dép nam đi trong nhà,5342,Dép nam,1686,Giày - Dép nam
49640.0,Giày boots nam cổ cao,8337,Giày boots nam,1686,Giày - Dép nam
49642.0,Giày boots nam cổ thấp,8337,Giày boots nam,1686,Giày - Dép nam
49644.0,Vệ sinh giày nam,8338,Phụ kiện giày nam,1686,Giày - Dép nam
49646.0,Miếng lót giày nam,8338,Phụ kiện giày nam,1686,Giày - Dép nam
49648.0,Phụ kiện cho giày nam,8338,Phụ kiện giày nam,1686,Giày - Dép nam
12900.0,Tivi cao cấp,5015,Tivi,4221,Điện Tử - Điện Lạnh
4239.0,Smart Tivi - Android Tivi,5015,Tivi,4221,Điện Tử - Điện Lạnh
6280.0,Tivi 4K,5015,Tivi,4221,Điện Tử - Điện Lạnh
4236.0,Tivi thường (LED),5015,Tivi,4221,Điện Tử - Điện Lạnh
8950.0,Tivi QLED,5015,Tivi,4221,Điện Tử - Điện Lạnh
7603.0,Tivi OLED,5015,Tivi,4221,Điện Tử - Điện Lạnh
,,3862,Máy giặt,4221,Điện Tử - Điện Lạnh
7074.0,"Android TV Box, Smart Box",26568,Âm thanh & Phụ kiện Tivi,4221,Điện Tử - Điện Lạnh
7082.0,Phụ kiện Tivi,26568,Âm thanh & Phụ kiện Tivi,4221,Điện Tử - Điện Lạnh
,,3863,Máy sấy quần áo,4221,Điện Tử - Điện Lạnh
,,3864,Máy rửa chén,4221,Điện Tử - Điện Lạnh
,,3865,Máy lạnh - Máy điều hòa,4221,Điện Tử - Điện Lạnh
,,3866,Máy nước nóng,4221,Điện Tử - Điện Lạnh
,,2328,Tủ lạnh,4221,Điện Tử - Điện Lạnh
,,3868,Tủ đông - Tủ mát,4221,Điện Tử - Điện Lạnh
,,3869,Tủ ướp rượu,4221,Điện Tử - Điện Lạnh
28884.0,"Phụ kiện, linh kiện tủ lạnh",8074,Phụ kiện điện lạnh,4221,Điện Tử - Điện Lạnh
28886.0,"Phụ kiện, linh kiện máy lạnh",8074,Phụ kiện điện lạnh,4221,Điện Tử - Điện Lạnh
28888.0,"Phụ kiện, linh kiện máy nước nóng",8074,Phụ kiện điện lạnh,4221,Điện Tử - Điện Lạnh
28890.0,"Phụ kiện, linh kiện máy giặt",8074,Phụ kiện điện lạnh,4221,Điện Tử - Điện Lạnh
28892.0,"Phụ kiện, linh kiện điện lạnh khác",8074,Phụ kiện điện lạnh,4221,Điện Tử - Điện Lạnh
49542.0,Giày cao gót nhọn,8355,Giày cao gót,1703,Giày - Dép nữ
49544.0,Giày cao gót quai sau,8355,Giày cao gót,1703,Giày - Dép nữ
49546.0,Giày bít mũi quai ngang,8355,Giày cao gót,1703,Giày - Dép nữ
49548.0,Giày cao gót hở mũi,8355,Giày cao gót,1703,Giày - Dép nữ
49550.0,Giày cao gót sục,8355,Giày cao gót,1703,Giày - Dép nữ
49552.0,Giày thể thao cổ thấp,27604,Giày thể thao nữ,1703,Giày - Dép nữ
49554.0,Giày thể thao cổ cao,27604,Giày thể thao nữ,1703,Giày - Dép nữ
49556.0,Giày sandals đế bằng,4550,Giày sandals nữ,1703,Giày - Dép nữ
49558.0,Giày sandals chiến binh,4550,Giày sandals nữ,1703,Giày - Dép nữ
49560.0,Giày sandals buộc dây,4550,Giày sandals nữ,1703,Giày - Dép nữ
49562.0,Giày sandals xỏ ngón,4550,Giày sandals nữ,1703,Giày - Dép nữ
49564.0,Giày búp bê mũi nhọn,1192,Giày búp bê,1703,Giày - Dép nữ
49566.0,Giày búp bê mũi tròn,1192,Giày búp bê,1703,Giày - Dép nữ
49568.0,Giày búp bê mũi vuông,1192,Giày búp bê,1703,Giày - Dép nữ
,,1008,Giày Đế xuồng nữ ,1703,Giày - Dép nữ
49570.0,Giày boots nữ cổ ngắn,981,Giày boots nữ,1703,Giày - Dép nữ
49572.0,Giày boots nữ cổ cao,981,Giày boots nữ,1703,Giày - Dép nữ
49574.0,Giày boots nữ gót nhọn,981,Giày boots nữ,1703,Giày - Dép nữ
49576.0,Dép xỏ ngón,984,Dép - Guốc nữ,1703,Giày - Dép nữ
49578.0,Dép quai ngang,984,Dép - Guốc nữ,1703,Giày - Dép nữ
49580.0,Dép đi trong nhà,984,Dép - Guốc nữ,1703,Giày - Dép nữ
49582.0,Giày lười cao gót,4551,Giày lười nữ,1703,Giày - Dép nữ
49584.0,Giày lười hở gót,4551,Giày lười nữ,1703,Giày - Dép nữ
49586.0,Giày lười mũi vuông,4551,Giày lười nữ,1703,Giày - Dép nữ
49588.0,Giày lười mũi nhọn,4551,Giày lười nữ,1703,Giày - Dép nữ
49590.0,Miếng lót giày,8357,Phụ kiện giày,1703,Giày - Dép nữ
49592.0,Vệ sinh giày nữ,8357,Phụ kiện giày,1703,Giày - Dép nữ
49594.0,Phụ kiện cho giày,8357,Phụ kiện giày,1703,Giày - Dép nữ
1808.0,Máy Ảnh Compact - Máy Ảnh Du Lịch,28806,Máy Ảnh,1801,Máy Ảnh - Máy Quay Phim
1809.0,Máy Ảnh DSLR,28806,Máy Ảnh,1801,Máy Ảnh - Máy Quay Phim
2658.0,Máy Ảnh Mirrorless,28806,Máy Ảnh,1801,Máy Ảnh - Máy Quay Phim
2144.0,Máy Ảnh Lấy Liền,28806,Máy Ảnh,1801,Máy Ảnh - Máy Quay Phim
28808.0,Máy Chụp Ảnh Phim,28806,Máy Ảnh,1801,Máy Ảnh - Máy Quay Phim
2662.0,"Pin - Sạc Máy Ảnh, Máy Quay",1818,"Phụ Kiện Máy Ảnh, Máy Quay",1801,Máy Ảnh - Máy Quay Phim
20260.0,Dụng Cụ Vệ Sinh Máy Ảnh,1818,"Phụ Kiện Máy Ảnh, Máy Quay",1801,Máy Ảnh - Máy Quay Phim
8054.0,"Phụ Kiện Máy Ảnh, Máy Quay Khác",1818,"Phụ Kiện Máy Ảnh, Máy Quay",1801,Máy Ảnh - Máy Quay Phim
20262.0,Miếng Dán Bảo Vệ Màn Hình Máy Ảnh,1818,"Phụ Kiện Máy Ảnh, Máy Quay",1801,Máy Ảnh - Máy Quay Phim
1841.0,Kính Lọc - Filter,1818,"Phụ Kiện Máy Ảnh, Máy Quay",1801,Máy Ảnh - Máy Quay Phim
28758.0,Điều Khiển Từ Xa,1818,"Phụ Kiện Máy Ảnh, Máy Quay",1801,Máy Ảnh - Máy Quay Phim
28756.0,Phụ Kiện Cho Ống Kính,1818,"Phụ Kiện Máy Ảnh, Máy Quay",1801,Máy Ảnh - Máy Quay Phim
20264.0,Adapter - Ngàm Chuyển,1818,"Phụ Kiện Máy Ảnh, Máy Quay",1801,Máy Ảnh - Máy Quay Phim
20266.0,Lens Hood,1818,"Phụ Kiện Máy Ảnh, Máy Quay",1801,Máy Ảnh - Máy Quay Phim
28760.0,Gimbal,1818,"Phụ Kiện Máy Ảnh, Máy Quay",1801,Máy Ảnh - Máy Quay Phim
28762.0,Nắp Ống Kính,1818,"Phụ Kiện Máy Ảnh, Máy Quay",1801,Máy Ảnh - Máy Quay Phim
28764.0,Ngàm Gắn Máy Quay Trên Người,1818,"Phụ Kiện Máy Ảnh, Máy Quay",1801,Máy Ảnh - Máy Quay Phim
28766.0,"Túi Hút Ẩm Cho Máy Ảnh, Máy Quay",1818,"Phụ Kiện Máy Ảnh, Máy Quay",1801,Máy Ảnh - Máy Quay Phim
28768.0,Hộp Chụp Ảnh Sản Phẩm,1818,"Phụ Kiện Máy Ảnh, Máy Quay",1801,Máy Ảnh - Máy Quay Phim
2678.0,"Chân Máy Ảnh, Monopod, Tripod",1818,"Phụ Kiện Máy Ảnh, Máy Quay",1801,Máy Ảnh - Máy Quay Phim
1839.0,Thẻ Nhớ Máy Ảnh,1818,"Phụ Kiện Máy Ảnh, Máy Quay",1801,Máy Ảnh - Máy Quay Phim
28774.0,Film Máy Ảnh,1818,"Phụ Kiện Máy Ảnh, Máy Quay",1801,Máy Ảnh - Máy Quay Phim
28776.0,Thiết Bị Phòng Tối,1818,"Phụ Kiện Máy Ảnh, Máy Quay",1801,Máy Ảnh - Máy Quay Phim
1843.0,Hộp Đựng - Tủ Chống Ẩm,1840,Balo - Túi Đựng - Bao Da,1801,Máy Ảnh - Máy Quay Phim
20270.0,"Bao Đựng Chống Sốc, Chống Nước",1840,Balo - Túi Đựng - Bao Da,1801,Máy Ảnh - Máy Quay Phim
28780.0,"Dây Đeo Máy Ảnh, Máy Quay, Ống Nhòm",1840,Balo - Túi Đựng - Bao Da,1801,Máy Ảnh - Máy Quay Phim
28778.0,Túi Đựng Máy Ảnh,1840,Balo - Túi Đựng - Bao Da,1801,Máy Ảnh - Máy Quay Phim
28782.0,Túi và Hộp Đựng Máy Quay,1840,Balo - Túi Đựng - Bao Da,1801,Máy Ảnh - Máy Quay Phim
28784.0,Túi và Hộp Đựng Máy Ảnh,1840,Balo - Túi Đựng - Bao Da,1801,Máy Ảnh - Máy Quay Phim
28786.0,Hộp Đựng Filter,1840,Balo - Túi Đựng - Bao Da,1801,Máy Ảnh - Máy Quay Phim
28788.0,Hộp Đựng Lens,1840,Balo - Túi Đựng - Bao Da,1801,Máy Ảnh - Máy Quay Phim
28790.0,Túi Đựng Kính Viễn Vọng,1840,Balo - Túi Đựng - Bao Da,1801,Máy Ảnh - Máy Quay Phim
20268.0,Ống Nhòm,28794,Ống Kính - Ống Ngắm,1801,Máy Ảnh - Máy Quay Phim
28798.0,Kính Hiển Vi,28794,Ống Kính - Ống Ngắm,1801,Máy Ảnh - Máy Quay Phim
28800.0,Kính Nhìn Đêm,28794,Ống Kính - Ống Ngắm,1801,Máy Ảnh - Máy Quay Phim
28802.0,Kính Viễn Vọng - Kính Thiên Văn,28794,Ống Kính - Ống Ngắm,1801,Máy Ảnh - Máy Quay Phim
28804.0,"Phụ Kiện Ống Kính, Ống Ngắm",28794,Ống Kính - Ống Ngắm,1801,Máy Ảnh - Máy Quay Phim
28812.0,Ống Kính Máy Ảnh,2757,Ống Kính (Lens),1801,Máy Ảnh - Máy Quay Phim
28816.0,Đèn Chiếu Sáng Studio,28814,Thiết Bị Ánh Sáng,1801,Máy Ảnh - Máy Quay Phim
4075.0,Đèn Flash và Phụ Kiện,28814,Thiết Bị Ánh Sáng,1801,Máy Ảnh - Máy Quay Phim
28820.0,Thiết Bị Phản Sáng và Phụ Kiện,28814,Thiết Bị Ánh Sáng,1801,Máy Ảnh - Máy Quay Phim
4074.0,Máy Quay Phim,28822,Thiết Bị Quay Phim,1801,Máy Ảnh - Máy Quay Phim
28824.0,Máy Quay Phim Chuyên Dụng,28822,Thiết Bị Quay Phim,1801,Máy Ảnh - Máy Quay Phim
28826.0,Micro Cho Máy Quay,28822,Thiết Bị Quay Phim,1801,Máy Ảnh - Máy Quay Phim
28828.0,Phụ Kiện Máy Quay Khác,28822,Thiết Bị Quay Phim,1801,Máy Ảnh - Máy Quay Phim
5121.0,Camera IP,4077,Camera Giám Sát,1801,Máy Ảnh - Máy Quay Phim
5123.0,Camera Quan Sát Analog,4077,Camera Giám Sát,1801,Máy Ảnh - Máy Quay Phim
5124.0,Đầu Ghi Hình Camera,4077,Camera Giám Sát,1801,Máy Ảnh - Máy Quay Phim
28832.0,Hệ Thống Camera Giám Sát,4077,Camera Giám Sát,1801,Máy Ảnh - Máy Quay Phim
7912.0,Phụ Kiện Camera Giám Sát,4077,Camera Giám Sát,1801,Máy Ảnh - Máy Quay Phim
8048.0,Máy Bay Camera - Drone,8047,Máy Bay Camera và Phụ Kiện,1801,Máy Ảnh - Máy Quay Phim
8049.0,Phụ Kiện Máy Bay Camera - Drone,8047,Máy Bay Camera và Phụ Kiện,1801,Máy Ảnh - Máy Quay Phim
8050.0,Linh Kiện Thay Thế Máy Bay camera - Drone,8047,Máy Bay Camera và Phụ Kiện,1801,Máy Ảnh - Máy Quay Phim
4879.0,Action Camera,28834,Camera Hành Trình - Action Camera và Phụ Kiện,1801,Máy Ảnh - Máy Quay Phim
28836.0,Phụ Kiện Camera Hành Trình,28834,Camera Hành Trình - Action Camera và Phụ Kiện,1801,Máy Ảnh - Máy Quay Phim
4079.0,"Camera Hành Trình Ô Tô, Xe Máy",28834,Camera Hành Trình - Action Camera và Phụ Kiện,1801,Máy Ảnh - Máy Quay Phim
978.0,Kính mát,8370,Mắt kính,27498,Phụ kiện thời trang
1017.0,Gọng kính,8370,Mắt kính,27498,Phụ kiện thời trang
11839.0,Kính áp tròng,8370,Mắt kính,27498,Phụ kiện thời trang
11374.0,Mắt kính trẻ em,8370,Mắt kính,27498,Phụ kiện thời trang
11843.0,Phụ kiện kính,8370,Mắt kính,27498,Phụ kiện thời trang
5401.0,Nón nữ,975,Phụ kiện thời trang nữ,27498,Phụ kiện thời trang
5403.0,Khăn - Tất - Vớ nữ,975,Phụ kiện thời trang nữ,27498,Phụ kiện thời trang
8361.0,Phụ kiện tóc nữ,975,Phụ kiện thời trang nữ,27498,Phụ kiện thời trang
5387.0,Thắt lưng - Dây nịt nữ và phụ kiện,975,Phụ kiện thời trang nữ,27498,Phụ kiện thời trang
5400.0,Phụ kiện cưới,975,Phụ kiện thời trang nữ,27498,Phụ kiện thời trang
15118.0,Cài Áo,975,Phụ kiện thời trang nữ,27498,Phụ kiện thời trang
8341.0,Nón nam,27550,Phụ kiện thời trang nam,27498,Phụ kiện thời trang
8343.0,Khăn - Găng tay nam,27550,Phụ kiện thời trang nam,27498,Phụ kiện thời trang
5343.0,"Tất, vớ nam",27550,Phụ kiện thời trang nam,27498,Phụ kiện thời trang
968.0,"Thắt lưng, dây nịt nam",27550,Phụ kiện thời trang nam,27498,Phụ kiện thời trang
49720.0,Hình xăm,27550,Phụ kiện thời trang nam,27498,Phụ kiện thời trang
8342.0,Găng tay nam,27550,Phụ kiện thời trang nam,27498,Phụ kiện thời trang
44826.0,Trái Cây Nội Địa,44824,Trái Cây,44792,NGON
44828.0,Trái Cây Nhập Khẩu,44824,Trái Cây,44792,NGON
54278.0,"Thịt heo, lợn",54276,"Thịt, Trứng",44792,NGON
54280.0,"Thịt bò, bê",54276,"Thịt, Trứng",44792,NGON
54282.0,"Thịt gà, vịt, chim",54276,"Thịt, Trứng",44792,NGON
54284.0,Thịt đông lạnh,54276,"Thịt, Trứng",44792,NGON
54286.0,Các loại thịt khác,54276,"Thịt, Trứng",44792,NGON
54288.0,"Trứng gà, vịt, cút",54276,"Thịt, Trứng",44792,NGON
54292.0,"Tôm, cua, ghẹ, ốc",54290,"Cá, thuỷ hải sản",44792,NGON
54294.0,"Cá, hải sản đông lạnh",54290,"Cá, thuỷ hải sản",44792,NGON
54296.0,"Cá khô, tôm, mực khô",54290,"Cá, thuỷ hải sản",44792,NGON
54298.0,Thủy hải sản chế biến,54290,"Cá, thuỷ hải sản",44792,NGON
54300.0,Thủy hải sản khác,54290,"Cá, thuỷ hải sản",44792,NGON
54304.0,"Rau xanh, rau tươi",54302,Rau củ quả,44792,NGON
54306.0,"Củ, quả, măng tươi",54302,Rau củ quả,44792,NGON
54308.0,"Hành, tỏi, ớt, rau thơm",54302,Rau củ quả,44792,NGON
54310.0,"Nấm, hạt các loại",54302,Rau củ quả,44792,NGON
54312.0,Combo rau củ,54302,Rau củ quả,44792,NGON
54314.0,Nông sản tươi khác,54302,Rau củ quả,44792,NGON
54318.0,"Bún, phở tươi, bánh mì",54316,Thực phẩm Việt,44792,NGON
54320.0,"Dưa muối, đồ chua, mắm",54316,Thực phẩm Việt,44792,NGON
54322.0,"Lạp xưởng, thịt khô, nem",54316,Thực phẩm Việt,44792,NGON
54324.0,"Xôi, chè, bánh các loại",54316,Thực phẩm Việt,44792,NGON
54326.0,"Đậu hũ, thực phẩm khác",54316,Thực phẩm Việt,44792,NGON
54328.0,Đặc sản vùng miền,54316,Thực phẩm Việt,44792,NGON
44832.0,Đồ chế biến sẵn,54316,Thực phẩm Việt,44792,NGON
54332.0,"Sữa tươi, sữa trái cây",54330,"Sữa, bơ, phô mai",44792,NGON
54334.0,"Sữa đậu nành, ngũ cốc",54330,"Sữa, bơ, phô mai",44792,NGON
54336.0,"Sữa đặc, sữa bột",54330,"Sữa, bơ, phô mai",44792,NGON
54338.0,"Sữa chua, phô mai",54330,"Sữa, bơ, phô mai",44792,NGON
54340.0,"Kem cây, kem hộp",54330,"Sữa, bơ, phô mai",44792,NGON
54342.0,"Bơ, magarine",54330,"Sữa, bơ, phô mai",44792,NGON
54346.0,"Thịt, hải sản đông lạnh",54344,"Đông lạnh, mát",44792,NGON
54348.0,Rau củ quả đông lạnh,54344,"Đông lạnh, mát",44792,NGON
54350.0,"Xúc xích, pate, giò chả",54344,"Đông lạnh, mát",44792,NGON
54352.0,"Pizza, mì, cơm đông lạnh",54344,"Đông lạnh, mát",44792,NGON
54354.0,"Chả giò, cá, gà viên",54344,"Đông lạnh, mát",44792,NGON
54356.0,"Bánh bao, há cảo, mandu",54344,"Đông lạnh, mát",44792,NGON
54358.0,"Sandwich, mì, cơm ăn liền",54344,"Đông lạnh, mát",44792,NGON
54360.0,Gói nguyên liệu nấu ăn,54344,"Đông lạnh, mát",44792,NGON
54364.0,"Dầu ăn, dầu oliu",54362,"Dầu ăn, gia vị",44792,NGON
54366.0,"Nước tương, nước mắm",54362,"Dầu ăn, gia vị",44792,NGON
54368.0,"Tương ớt, cà, mù tạt",54362,"Dầu ăn, gia vị",44792,NGON
54370.0,"Muối, hạt nêm, gia vị",54362,"Dầu ăn, gia vị",44792,NGON
54372.0,"Đường cát, đường phèn",54362,"Dầu ăn, gia vị",44792,NGON
54374.0,"Sốt tẩm ướp, sốt nêm",54362,"Dầu ăn, gia vị",44792,NGON
54376.0,"Giấm, rượu nấu ăn",54362,"Dầu ăn, gia vị",44792,NGON
54378.0,"Tiêu, ớt, hương liệu khô",54362,"Dầu ăn, gia vị",44792,NGON
54380.0,Nguyên liệu làm bánh,54362,"Dầu ăn, gia vị",44792,NGON
54382.0,Nguyên liệu nấu ăn khác,54362,"Dầu ăn, gia vị",44792,NGON
54386.0,"Gạo, nếp, đậu",54384,"Gạo, mì, nông sản",44792,NGON
54388.0,"Bột gạo, mì, bột chiên",54384,"Gạo, mì, nông sản",44792,NGON
54390.0,"Mì ăn liền, phở, cháo",54384,"Gạo, mì, nông sản",44792,NGON
54392.0,"Mì, bún khô, bánh tráng",54384,"Gạo, mì, nông sản",44792,NGON
54394.0,"Rong biển, nấm, măng khô",54384,"Gạo, mì, nông sản",44792,NGON
54396.0,Nông sản khô các loại,54384,"Gạo, mì, nông sản",44792,NGON
54400.0,"Thịt hộp, cá hộp",54398,"Đồ hộp, đóng gói",44792,NGON
54402.0,"Rau củ, trái cây hộp",54398,"Đồ hộp, đóng gói",44792,NGON
54404.0,"Mật ong, mứt, cốt dừa",54398,"Đồ hộp, đóng gói",44792,NGON
54406.0,"Đồ bổ dưỡng, hữu cơ",54398,"Đồ hộp, đóng gói",44792,NGON
54408.0,"Đồ ăn kiêng, thể thao",54398,"Đồ hộp, đóng gói",44792,NGON
54410.0,"Đồ hộp, đóng gói khác",54398,"Đồ hộp, đóng gói",44792,NGON
54414.0,"Bia, cider",54412,"Bia, đồ uống",44792,NGON
54416.0,"Rượu vang, rượu trái cây",54412,"Bia, đồ uống",44792,NGON
54418.0,"Nước khoáng, nước suối",54412,"Bia, đồ uống",44792,NGON
54420.0,"Nước ngọt, có ga, tonic",54412,"Bia, đồ uống",44792,NGON
54422.0,"Siro, nguyên liệu pha chế",54412,"Bia, đồ uống",44792,NGON
54424.0,"Trà khô, trà đóng chai",54412,"Bia, đồ uống",44792,NGON
54426.0,"Cà phê hạt, đóng chai",54412,"Bia, đồ uống",44792,NGON
54428.0,"Nước trái cây, thể thao",54412,"Bia, đồ uống",44792,NGON
54672.0,"Rượu whisky, rượu mạnh",54412,"Bia, đồ uống",44792,NGON
54432.0,"Đồ chay khô, đóng hộp",54430,Thực phẩm chay,44792,NGON
54434.0,Đồ chay đông lạnh,54430,Thực phẩm chay,44792,NGON
54436.0,"Mì chay, gia vị chay",54430,Thực phẩm chay,44792,NGON
54440.0,Sữa cho trẻ em,54438,Dành cho trẻ em,44792,NGON
54442.0,"Gia vị, bánh kẹo trẻ em",54438,Dành cho trẻ em,44792,NGON
54444.0,"Bột ăn dặm, cháo",54438,Dành cho trẻ em,44792,NGON
54446.0,Đồ uống trẻ em,54438,Dành cho trẻ em,44792,NGON
54448.0,"Khăn giấy ướt, tã bỉm",54438,Dành cho trẻ em,44792,NGON
54450.0,Đồ dùng trẻ em,54438,Dành cho trẻ em,44792,NGON
54454.0,"Bánh quy, bánh ngọt",54452,"Bánh kẹo, giỏ quà",44792,NGON
54456.0,"Socola, kẹo, ngũ cốc",54452,"Bánh kẹo, giỏ quà",44792,NGON
54458.0,"Củ quả sấy, mứt, ô mai",54452,"Bánh kẹo, giỏ quà",44792,NGON
54460.0,"Bim bim, snack, khoai tây",54452,"Bánh kẹo, giỏ quà",44792,NGON
54462.0,"Chà bông, thịt khô",54452,"Bánh kẹo, giỏ quà",44792,NGON
54464.0,"Giỏ quà, bánh theo mùa",54452,"Bánh kẹo, giỏ quà",44792,NGON
54468.0,"Thức ăn cho chó, mèo",54466,"Thức ăn, đồ thú cưng",44792,NGON
54472.0,"Đồ cho chó mèo, thú cưng",54466,"Thức ăn, đồ thú cưng",44792,NGON
54476.0,"Kem đánh răng, bàn chải",54474,Chăm sóc cá nhân,44792,NGON
54480.0,"Gel tạo kiểu, nhuộm tóc",54474,Chăm sóc cá nhân,44792,NGON
54482.0,"Sữa rửa mặt, dưỡng da",54474,Chăm sóc cá nhân,44792,NGON
54484.0,"Trang điểm, chống nắng",54474,Chăm sóc cá nhân,44792,NGON
54486.0,"Sữa tắm, xà bông tắm",54474,Chăm sóc cá nhân,44792,NGON
54490.0,Chăm sóc cơ thể,54474,Chăm sóc cá nhân,44792,NGON
54492.0,"Băng vệ sinh, dung dịch",54474,Chăm sóc cá nhân,44792,NGON
54498.0,Bảo vệ sức khỏe,54474,Chăm sóc cá nhân,44792,NGON
54502.0,"Nước rửa chén, tẩy rửa",54500,Chăm sóc nhà cửa,44792,NGON
54504.0,"Khăn giấy, giấy vệ sinh",54500,Chăm sóc nhà cửa,44792,NGON
54506.0,"Bột giặt, nước giặt, xả",54500,Chăm sóc nhà cửa,44792,NGON
54508.0,"Diệt côn trùng, khử mùi",54500,Chăm sóc nhà cửa,44792,NGON
54510.0,"Hoa tươi, hoa chậu",54500,Chăm sóc nhà cửa,44792,NGON
8512.0,Đồng hồ business nam,1778,Đồng hồ nam,8371,Đồng hồ và Trang sức
8511.0,"Đồng hồ thời trang, casual nam",1778,Đồng hồ nam,8371,Đồng hồ và Trang sức
8513.0,Đồng hồ thể thao nam,1778,Đồng hồ nam,8371,Đồng hồ và Trang sức
7449.0,Đồng hồ lộ máy,1778,Đồng hồ nam,8371,Đồng hồ và Trang sức
5384.0,Đồng hồ dây da,977,Đồng hồ nữ,8371,Đồng hồ và Trang sức
5385.0,Đồng hồ dây kim loại,977,Đồng hồ nữ,8371,Đồng hồ và Trang sức
8516.0,Đồng hồ thể thao nữ,977,Đồng hồ nữ,8371,Đồng hồ và Trang sức
27544.0,Đồng hồ bé trai,11375,Đồng hồ trẻ em,8371,Đồng hồ và Trang sức
27546.0,Đồng hồ bé gái,11375,Đồng hồ trẻ em,8371,Đồng hồ và Trang sức
49722.0,Dây đồng hồ,27542,Phụ kiện đồng hồ,8371,Đồng hồ và Trang sức
49724.0,Hộp đựng đồng hồ,27542,Phụ kiện đồng hồ,8371,Đồng hồ và Trang sức
49726.0,Dụng cụ sửa đồng hồ,27542,Phụ kiện đồng hồ,8371,Đồng hồ và Trang sức
49728.0,Pin đồng hồ,27542,Phụ kiện đồng hồ,8371,Đồng hồ và Trang sức
15250.0,Dây chuyền,8374,Trang sức,8371,Đồng hồ và Trang sức
15318.0,Vòng tay,8374,Trang sức,8371,Đồng hồ và Trang sức
15320.0,Bông tai,8374,Trang sức,8371,Đồng hồ và Trang sức
15236.0,Nhẫn,8374,Trang sức,8371,Đồng hồ và Trang sức
15936.0,Bộ trang sức,8374,Trang sức,8371,Đồng hồ và Trang sức
8351.0,Balo nam,27608,Balo,6000,Balo và Vali
6522.0,Balo nữ,27608,Balo,6000,Balo và Vali
6521.0,Balo laptop,27608,Balo,6000,Balo và Vali
27610.0,Balo dây rút,27608,Balo,6000,Balo và Vali
6525.0,Túi chống sốc,27612,"Balo, cặp, túi chống sốc laptop",6000,Balo và Vali
6524.0,Cặp đựng laptop,27612,"Balo, cặp, túi chống sốc laptop",6000,Balo và Vali
6523.0,"Balo du lịch, phượt",8387,Túi du lịch và phụ kiện,6000,Balo và Vali
7566.0,Túi trống,8387,Túi du lịch và phụ kiện,6000,Balo và Vali
8391.0,Phụ kiện du lịch khác,8387,Túi du lịch và phụ kiện,6000,Balo và Vali
8388.0,Ví passport,8387,Túi du lịch và phụ kiện,6000,Balo và Vali
49656.0,Vali nhựa,6526,"Vali, phụ kiện vali ",6000,Balo và Vali
49658.0,Vali vải,6526,"Vali, phụ kiện vali ",6000,Balo và Vali
49660.0,Vali trẻ em,6526,"Vali, phụ kiện vali ",6000,Balo và Vali
8390.0,Phụ kiện vali,6526,"Vali, phụ kiện vali ",6000,Balo và Vali
11314.0,Buffet,11313,Nhà hàng - Ăn uống,11312,Voucher - Dịch vụ
11316.0,Nhà hàng - Quán ăn,11313,Nhà hàng - Ăn uống,11312,Voucher - Dịch vụ
11317.0,Cafe - Kem - Bánh,11313,Nhà hàng - Ăn uống,11312,Voucher - Dịch vụ
11318.0,Bar - Beer club,11313,Nhà hàng - Ăn uống,11312,Voucher - Dịch vụ
24390.0,Nhà hàng,11313,Nhà hàng - Ăn uống,11312,Voucher - Dịch vụ
24392.0,Quán ăn,11313,Nhà hàng - Ăn uống,11312,Voucher - Dịch vụ
24394.0,Voucher ẩm thực khác,11313,Nhà hàng - Ăn uống,11312,Voucher - Dịch vụ
11320.0,Khách sạn - Resort,11319,Du lịch - Khách sạn,11312,Voucher - Dịch vụ
11321.0,Tour du lịch,11319,Du lịch - Khách sạn,11312,Voucher - Dịch vụ
24378.0,Sim 3G/4G - Bộ phát Wifi,11319,Du lịch - Khách sạn,11312,Voucher - Dịch vụ
24380.0,Vé tham quan - du lịch,11319,Du lịch - Khách sạn,11312,Voucher - Dịch vụ
11323.0,Spa - Thẩm mỹ viện,11322,Spa & Làm đẹp,11312,Voucher - Dịch vụ
11325.0,Salon làm đẹp,11322,Spa & Làm đẹp,11312,Voucher - Dịch vụ
13360.0,Phòng tập,11322,Spa & Làm đẹp,11312,Voucher - Dịch vụ
24396.0,Dịch vụ chăm sóc da mặt,11322,Spa & Làm đẹp,11312,Voucher - Dịch vụ
24398.0,Massage Body - Foot,11322,Spa & Làm đẹp,11312,Voucher - Dịch vụ
24400.0,Phẫu thuật thẩm mỹ,11322,Spa & Làm đẹp,11312,Voucher - Dịch vụ
11328.0,Ca nhạc - Phim - Kịch,11327,Sự kiện - Giải trí,11312,Voucher - Dịch vụ
11329.0,Vui chơi - Giải trí,11327,Sự kiện - Giải trí,11312,Voucher - Dịch vụ
11330.0,Studio - Chụp ảnh,11327,Sự kiện - Giải trí,11312,Voucher - Dịch vụ
,,11333,Sự kiện - Thể thao,11312,Voucher - Dịch vụ
13368.0,Nha khoa,11326,Nha khoa - Sức khỏe,11312,Voucher - Dịch vụ
13370.0,Khám sức khỏe tổng quát,11326,Nha khoa - Sức khỏe,11312,Voucher - Dịch vụ
12744.0,Khóa học online,11332,Khóa học,11312,Voucher - Dịch vụ
13374.0,Khóa học kinh doanh - marketing,11332,Khóa học,11312,Voucher - Dịch vụ
13376.0,Khóa học vi tính văn phòng,11332,Khóa học,11312,Voucher - Dịch vụ
13378.0,Khóa học Kế toán - Tài chính - Đầu tư,11332,Khóa học,11312,Voucher - Dịch vụ
13380.0,Khóa học thiết kế đồ họa và video,11332,Khóa học,11312,Voucher - Dịch vụ
13382.0,Khóa học IT và lập trình,11332,Khóa học,11312,Voucher - Dịch vụ
13384.0,Khóa học ngoại ngữ,11332,Khóa học,11312,Voucher - Dịch vụ
13386.0,Khóa học nuôi dạy con và kỹ năng cho bé,11332,Khóa học,11312,Voucher - Dịch vụ
13388.0,Khóa học nghệ thuật và chủ đề khác,11332,Khóa học,11312,Voucher - Dịch vụ
,,11334,Dịch vụ khác,11312,Voucher - Dịch vụ
,,46516,TicketBox,11312,Voucher - Dịch vụ
,,52842,Vé xe bus,11312,Voucher - Dịch vụ
49608.0,Túi tote có khóa,4559,Túi tote nữ,976,Túi thời trang nữ
49610.0,Túi tote không khóa,4559,Túi tote nữ,976,Túi thời trang nữ
49596.0,Túi đeo chéo công sở,4558,"Túi đeo chéo, túi đeo vai nữ",976,Túi thời trang nữ
49598.0,Túi đeo chéo dạo phố,4558,"Túi đeo chéo, túi đeo vai nữ",976,Túi thời trang nữ
49600.0,Túi xách to bản,4560,Túi xách tay nữ,976,Túi thời trang nữ
49602.0,Túi xách vừa và nhỏ,4560,Túi xách tay nữ,976,Túi thời trang nữ
49604.0,Ví ngắn,4561,Ví nữ,976,Túi thời trang nữ
49606.0,Ví dài,4561,Ví nữ,976,Túi thời trang nữ
49616.0,"Dây, quai đeo túi",8352,Phụ kiện túi,976,Túi thời trang nữ
49618.0,Phụ kiện cài túi,8352,Phụ kiện túi,976,Túi thời trang nữ
,,5337,Túi xách công sở nam,27616,Túi thời trang nam
,,958,Túi đeo chéo nam,27616,Túi thời trang nam
,,49650,"Túi bao tử, túi đeo bụng",27616,Túi thời trang nam
49652.0,Ví nam ngang,959,Ví nam,27616,Túi thời trang nam
49654.0,Ví nam đứng,959,Ví nam,27616,Túi thời trang nam
