id,sku,name,url_key,url_path,brand_name,price,list_price,discount,discount_rate,rating_average,review_count,thumbnail_url,productset_id,seller_product_id,bundle_deal,quantity_sold,original_price,shippable,availability,primary_category_path,product_reco_score,seller_id
271046571,8.18E+12,Điện thoại Xiaomi Redmi Note 12 (8GB/128GB) - Hàng chính hãng,dien-thoai-xiaomi-redmi-note-12-8gb-128gb-hang-chinh-hang-p271046571,dien-thoai-xiaomi-redmi-note-12-8gb-128gb-hang-chinh-hang-p271046571.html?spid=271046584,Xiaomi,3850000,0,680000,15,5,59,https://salt.tikicdn.com/cache/280x280/ts/product/b4/d5/f1/4a79366276241ae12197885eb30d52ec.jpg,2647,271046584,FALSE,"{'text': 'Đã bán 819', 'value': 819}",4530000,TRUE,1,1/2/1789/1795,0,1
273958619,7.50E+12,Điện Thoại Xiaomi Redmi Note 13 6GB-128GB - Hàng chính hãng,dien-thoai-xiaomi-redmi-note-13-6gb-128gb-hang-chinh-hang-p273958619,dien-thoai-xiaomi-redmi-note-13-6gb-128gb-hang-chinh-hang-p273958619.html?spid=273958621,Xiaomi,4890000,0,0,0,0,0,https://salt.tikicdn.com/cache/280x280/ts/product/52/44/ce/1714153d2e186b9b5bf3f2805380816f.jpg,2647,273958621,FALSE,"{'text': 'Đã bán 5', 'value': 5}",4890000,TRUE,1,1/2/1789/1795,0,20704
274164078,4.44E+12,Máy tính bảng Samsung Galaxy Tab A9 WIFI 4GB-64GB- Hàng chính hãng,may-tinh-bang-samsung-galaxy-tab-a9-wifi-4gb-64gb-hang-chinh-hang-p274164078,may-tinh-bang-samsung-galaxy-tab-a9-wifi-4gb-64gb-hang-chinh-hang-p274164078.html?spid=274164080,Samsung,3990000,0,0,0,0,0,https://salt.tikicdn.com/cache/280x280/ts/product/fd/51/33/01a9175d237eb4bd7894e09d4ff278d5.jpg,2645,274164080,FALSE,,3990000,TRUE,1,1/2/1789/1794,0,20704
173387789,7.83E+12,Máy đọc sách All New Kindle Oasis 3 - Hàng nhập khẩu,may-doc-sach-all-new-kindle-oasis-3-hang-nhap-khau-p173387789,may-doc-sach-all-new-kindle-oasis-3-hang-nhap-khau-p173387789.html?spid=217500643,Kindle,7200000,0,0,0,5,3,https://salt.tikicdn.com/cache/280x280/ts/product/a7/fc/f9/5c4beccbf706232d467b6a299772c8e9.jpg,2653,217500643,FALSE,"{'text': 'Đã bán 16', 'value': 16}",7200000,TRUE,1,1/2/1789/28856,0,106499
125182567,3.95E+12,Máy đọc sách All New Kindle Paperwhite 5 (11th Gen) - Hàng nhập khẩu,may-doc-sach-all-new-kindle-paperwhite-5-11th-gen-hang-nhap-khau-p125182567,may-doc-sach-all-new-kindle-paperwhite-5-11th-gen-hang-nhap-khau-p125182567.html?spid=125182569,Kindle,3630000,0,0,0,5,378,https://salt.tikicdn.com/cache/280x280/ts/product/14/2f/c6/a161edd03cf817a13d4c3255d1467f0a.jpg,2653,125182569,FALSE,"{'text': 'Đã bán 1.4k', 'value': 1383}",3630000,TRUE,1,1/2/1789/28856,0,38963
184036446,5.68E+12,Apple iPhone 11,apple-iphone-11-p184036446,apple-iphone-11-p184036446.html?spid=32033721,Apple,9990000,0,3000000,23,4.8,2983,https://salt.tikicdn.com/cache/280x280/ts/product/a1/cd/ce/84a16c41ac07ce50d754e44a16ecbd1c.jpg,2647,32033721,FALSE,"{'text': 'Đã bán 5k+', 'value': 13962}",12990000,TRUE,1,1/2/1789/1795,0,1
184059211,5.45E+12,Apple iPhone 13,apple-iphone-13-hang-chinh-hang-p184059211,apple-iphone-13-hang-chinh-hang-p184059211.html?spid=123547399,Apple,14490000,0,10500000,42,5,1833,https://salt.tikicdn.com/cache/280x280/ts/product/b7/ba/88/66059a54a3a139d45841d412379b1fe4.jpg,2647,123547399,FALSE,"{'text': 'Đã bán 5k+', 'value': 5749}",24990000,TRUE,1,1/2/1789/1795,0,1
183330021,8.16E+12,Apple iPad 10.2-inch ( 9th Gen) Wi-Fi 2021,apple-ipad-10-2-inch-9th-gen-wi-fi-2021-p183330021,apple-ipad-10-2-inch-9th-gen-wi-fi-2021-p183330021.html?spid=124939769,Apple,6990000,0,4000000,36,5,944,https://salt.tikicdn.com/cache/280x280/ts/product/54/ff/25/bfdf0febe11a28eaa7cd3fa735a82c49.png,2645,124939769,FALSE,"{'text': 'Đã bán 3.2k', 'value': 3245}",10990000,TRUE,1,1/2/1789/1794,0,1
57809866,3.79E+12,Điện thoại Xiaomi Redmi 9A (2GB/32GB),dien-thoai-xiaomi-redmi-9a-2gb-32gb-hang-chinh-hang-p57809866,dien-thoai-xiaomi-redmi-9a-2gb-32gb-hang-chinh-hang-p57809866.html?spid=196161253,Xiaomi,1790000,0,700000,28,4.7,837,https://salt.tikicdn.com/cache/280x280/media/catalog/producttmp/7f/fc/90/f2dda9bd72950fdebf74edd27e50ef4b.png,2647,196161253,FALSE,"{'text': 'Đã bán 5k+', 'value': 6152}",2490000,TRUE,1,1/2/1789/1795,0,1
125182567,3.95E+12,Máy đọc sách All New Kindle Paperwhite 5 (11th Gen) - Hàng nhập khẩu,may-doc-sach-all-new-kindle-paperwhite-5-11th-gen-hang-nhap-khau-p125182567,may-doc-sach-all-new-kindle-paperwhite-5-11th-gen-hang-nhap-khau-p125182567.html?spid=125182569,Kindle,3630000,0,0,0,5,378,https://salt.tikicdn.com/cache/280x280/ts/product/14/2f/c6/a161edd03cf817a13d4c3255d1467f0a.jpg,2653,125182569,FALSE,"{'text': 'Đã bán 1.4k', 'value': 1383}",3630000,TRUE,1,1/2/1789/28856,0,38963
201067649,2.91E+12,Combo máy đọc sách Kindle Paperwhite 5 (11th gen) tặng kèm bao da ( Cover ) - Hàng nhập khẩu,combo-may-doc-sach-kindle-paperwhite-5-8gb-black-11th-gen-tang-kem-bao-da-cover-hang-nhap-khau-p201067649,combo-may-doc-sach-kindle-paperwhite-5-8gb-black-11th-gen-tang-kem-bao-da-cover-hang-nhap-khau-p201067649.html?spid=189885461,Kindle,3849000,0,251000,6,5,106,https://salt.tikicdn.com/cache/280x280/ts/product/9d/ca/e8/d1025cb8c905c4b554cb221e15640ad8.jpg,2653,189885461,FALSE,"{'text': 'Đã bán 490', 'value': 490}",4100000,TRUE,1,1/2/1789/28856,0,106499
252586291,9.71E+12,Máy đọc sách All New Kindle Paperwhite 5 (11th Gen) - Hàng chính hãng,may-doc-sach-all-new-kindle-paperwhite-5-11th-gen-hang-nhap-khau-p252586291,may-doc-sach-all-new-kindle-paperwhite-5-11th-gen-hang-nhap-khau-p252586291.html?spid=127461186,Kindle,3751100,0,238900,6,5,100,https://salt.tikicdn.com/cache/280x280/ts/product/3a/6a/88/f93cc07bc0e6720dcc823db7679dc7a1.jpg,2653,127461186,FALSE,"{'text': 'Đã bán 464', 'value': 464}",3990000,TRUE,1,1/2/1789/28856,0,106499
217706932,1.90E+12,Combo Máy đọc sách All New Kindle Paperwhite 5 (11th Gen) và Bao da - Hàng nhập khẩu,combo-may-doc-sach-all-new-kindle-paperwhite-5-11th-gen-va-bao-da-hang-nhap-khau-p217706932,combo-may-doc-sach-all-new-kindle-paperwhite-5-11th-gen-va-bao-da-hang-nhap-khau-p217706932.html?spid=161964617,Kindle,3630000,0,0,0,5,123,https://salt.tikicdn.com/cache/280x280/ts/product/5a/a9/fd/6fe6aa80db8a8c896ea852619df906f2.jpg,2653,161964617,FALSE,"{'text': 'Đã bán 468', 'value': 468}",3630000,TRUE,1,1/2/1789/28856,0,38963
163914808,5.12E+12,Điện thoại bàn Panasonic  KX-TS500MX-hàng chính hãng,dien-thoai-ban-kxts500-hang-chinh-hang-p163914808,dien-thoai-ban-kxts500-hang-chinh-hang-p163914808.html?spid=163914810,Panasonic,300000,0,0,0,5,125,https://salt.tikicdn.com/cache/280x280/ts/product/be/09/b7/55917b01ae380cdb1e6acce0ae683370.jpg,2651,163914810,FALSE,"{'text': 'Đã bán 834', 'value': 834}",300000,TRUE,1,1/2/1789/8061,0,113592
121059239,4.70E+12,Máy Tính Bảng Samsung Galaxy Tab A7 Lite T225 3GB/32GB - Hàng Chính Hãng,may-tinh-bang-samsung-galaxy-tab-a7-lite-t225-3gb-32gb-hang-chinh-hang-p121059239,may-tinh-bang-samsung-galaxy-tab-a7-lite-t225-3gb-32gb-hang-chinh-hang-p121059239.html?spid=121059241,Samsung,3389000,0,1601000,32,5,94,https://salt.tikicdn.com/cache/280x280/ts/product/0f/c1/7c/ffaf035d28356283d4890b0142b2a66a.jpg,2645,121059241,FALSE,"{'text': 'Đã bán 335', 'value': 335}",4990000,TRUE,1,1/2/1789/1794,0,29952
120295859,8.00E+12,Điện Thoại Nokia C30 (2GB/32GB) - Hàng Chính Hãng,dien-thoai-nokia-c30-2gb-32gb-hang-chinh-hang-p120295859,dien-thoai-nokia-c30-2gb-32gb-hang-chinh-hang-p120295859.html?spid=120295861,Nokia,1490000,0,500000,25,4.7,210,https://salt.tikicdn.com/cache/280x280/media/catalog/producttmp/83/ac/8c/63a5adef59b800f2152df4f6bb3ff44b.png,2647,120295861,FALSE,"{'text': 'Đã bán 882', 'value': 882}",1990000,TRUE,1,1/2/1789/1795,0,1
175845367,9.57E+12,Điện Thoại Samsung Galaxy S20 FE (8GB/256GB) Xanh Thanh Mát - Đã kích hoạt bảo hành điện tử - Hàng Chính Hãng,dien-thoai-samsung-galaxy-s20-fe-8gb-256gb-hang-chinh-hang-da-kich-hoat-bao-hanh-dien-tu-p175845367,dien-thoai-samsung-galaxy-s20-fe-8gb-256gb-hang-chinh-hang-da-kich-hoat-bao-hanh-dien-tu-p175845367.html?spid=175845371,Samsung,7090000,0,2900000,29,4.8,219,https://salt.tikicdn.com/cache/280x280/media/catalog/producttmp/95/2f/8d/c15e65f7ae1fe42ecaf1141a147bc653.png,2647,175845371,FALSE,"{'text': 'Đã bán 729', 'value': 729}",9990000,TRUE,1,1/2/1789/1795,0,1
123345348,1.67E+12,Apple iPhone 12,apple-iphone-12-hang-chinh-hang-p123345348,apple-iphone-12-hang-chinh-hang-p123345348.html?spid=70766425,Apple,12490000,0,4500000,26,5,1277,https://salt.tikicdn.com/cache/280x280/ts/product/e0/c9/78/e028f9346e1922b0aadc750f272609c3.jpg,2647,70766425,FALSE,"{'text': 'Đã bán 2.8k', 'value': 2801}",16990000,TRUE,1,1/2/1789/1795,0,1
163914808,5.12E+12,Điện thoại bàn Panasonic  KX-TS500MX-hàng chính hãng,dien-thoai-ban-kxts500-hang-chinh-hang-p163914808,dien-thoai-ban-kxts500-hang-chinh-hang-p163914808.html?spid=163914810,Panasonic,300000,0,0,0,5,125,https://salt.tikicdn.com/cache/280x280/ts/product/be/09/b7/55917b01ae380cdb1e6acce0ae683370.jpg,2651,163914810,FALSE,"{'text': 'Đã bán 834', 'value': 834}",300000,TRUE,1,1/2/1789/8061,0,113592
217706932,2.42E+12,Combo Máy đọc sách All New Kindle Paperwhite 5 (11th Gen) và Bao da - Hàng nhập khẩu,combo-may-doc-sach-all-new-kindle-paperwhite-5-11th-gen-va-bao-da-hang-nhap-khau-p217706932,combo-may-doc-sach-all-new-kindle-paperwhite-5-11th-gen-va-bao-da-hang-nhap-khau-p217706932.html?spid=161964619,Kindle,3630000,0,0,0,5,123,https://salt.tikicdn.com/cache/280x280/ts/product/49/a2/d4/83480282bdbfdf80ce2cfd66ce99ee23.jpg,2653,161964619,FALSE,"{'text': 'Đã bán 468', 'value': 468}",3630000,TRUE,1,1/2/1789/28856,0,38963
273947792,1.60E+12,"Điện thoại AI Samsung Galaxy S24 Ultra 12GB/256GB, Camera 200MP Zoom 100x, S Pen- Vàng- Hàng Chính Hãng",dien-thoai-ai-samsung-galaxy-s24-ultra-camera-200mp-zoom-100x-s-pen-vang-hang-chinh-hang-p273947792,dien-thoai-ai-samsung-galaxy-s24-ultra-camera-200mp-zoom-100x-s-pen-vang-hang-chinh-hang-p273947792.html?spid=273960211,Samsung,31990000,0,2500000,7,0,0,https://salt.tikicdn.com/cache/280x280/ts/product/c1/77/a8/81aeda13c278a2f63f5cd870fd5bbdf0.jpg,2647,273960211,FALSE,"{'text': 'Đã bán 351', 'value': 351}",34490000,TRUE,1,1/2/1789/1795,0,1
204237269,2.02E+12,Điện Thoại Bàn Panasonic KX-TSC11 - Hàng Chính Hãng,dien-thoai-ban-panasonic-kx-tsc11-hang-chinh-hang-p204237269,dien-thoai-ban-panasonic-kx-tsc11-hang-chinh-hang-p204237269.html?spid=171865419,Panasonic,588000,0,0,0,5,44,https://salt.tikicdn.com/cache/280x280/ts/product/69/87/36/29423f1956f9bf6d3299a8dbb34dd704.jpg,2651,171865419,FALSE,"{'text': 'Đã bán 248', 'value': 248}",588000,TRUE,1,1/2/1789/8061,0,113592
274164375,5.92E+12,Máy Tính Bảng Samsung Galaxy Tab A9 Plus WIFI 4GB-64GB - Hàng chính hãng,may-tinh-bang-samsung-galaxy-tab-a9-plus-wifi-4gb-64gb-hang-chinh-hang-p274164375,may-tinh-bang-samsung-galaxy-tab-a9-plus-wifi-4gb-64gb-hang-chinh-hang-p274164375.html?spid=274164377,Samsung,5990000,0,0,0,0,0,https://salt.tikicdn.com/cache/280x280/ts/product/db/12/af/93fb3be12fa821e3e4331728ffe2aefb.jpg,2645,274164377,FALSE,"{'text': 'Đã bán 1', 'value': 1}",5990000,TRUE,1,1/2/1789/1794,0,20704
217645692,5.70E+12,Combo Máy đọc sách All New Kindle Paperwhite 5 (11th Gen) - 16Gb và Bao da - Hàng nhập khẩu,combo-may-doc-sach-all-new-kindle-paperwhite-5-11th-gen-16gb-va-bao-da-hang-nhap-khau-p217645692,combo-may-doc-sach-all-new-kindle-paperwhite-5-11th-gen-16gb-va-bao-da-hang-nhap-khau-p217645692.html?spid=217649587,Kindle,3980000,0,0,0,5,1,https://salt.tikicdn.com/cache/280x280/ts/product/97/e9/66/ebdae709c75aa2986d84cda06805097b.jpg,2653,217649587,FALSE,"{'text': 'Đã bán 9', 'value': 9}",3980000,TRUE,1,1/2/1789/28856,0,38963
273947785,8.02E+12,"Điện thoại AI Samsung Galaxy S24+ 12GB/256GB, Camera 50MP, Màn hình 6.7""- Đen- Hàng Chính Hãng",dien-thoai-ai-samsung-galaxy-s24-camera-50mp-man-hinh-6-7-hang-chinh-hang-p273947785,dien-thoai-ai-samsung-galaxy-s24-camera-50mp-man-hinh-6-7-hang-chinh-hang-p273947785.html?spid=273947977,Samsung,25490000,0,2000000,7,0,0,https://salt.tikicdn.com/cache/280x280/ts/product/d3/85/1c/e1a363588d4f08044424e2db3a50187b.jpg,2647,273947977,FALSE,"{'text': 'Đã bán 8', 'value': 8}",27490000,TRUE,1,1/2/1789/1795,0,1
252586291,1.83E+12,Máy đọc sách All New Kindle Paperwhite 5 (11th Gen) - Hàng chính hãng,may-doc-sach-all-new-kindle-paperwhite-5-11th-gen-hang-nhap-khau-p252586291,may-doc-sach-all-new-kindle-paperwhite-5-11th-gen-hang-nhap-khau-p252586291.html?spid=252586494,Kindle,3710700,0,279300,7,5,100,https://salt.tikicdn.com/cache/280x280/ts/product/3a/6a/88/ab3100a11fb0eb22a074229e4aec1217.jpg,2653,252586494,FALSE,"{'text': 'Đã bán 464', 'value': 464}",3990000,TRUE,1,1/2/1789/28856,0,106499
201067649,3.81E+12,Combo máy đọc sách Kindle Paperwhite 5 (11th gen) tặng kèm bao da ( Cover ) - Hàng nhập khẩu,combo-may-doc-sach-kindle-paperwhite-5-8gb-black-11th-gen-tang-kem-bao-da-cover-hang-nhap-khau-p201067649,combo-may-doc-sach-kindle-paperwhite-5-8gb-black-11th-gen-tang-kem-bao-da-cover-hang-nhap-khau-p201067649.html?spid=252852431,Kindle,3760000,0,340000,8,5,106,https://salt.tikicdn.com/cache/280x280/ts/product/05/49/8f/52dec677c28d897b892c9748459eac94.jpg,2653,252852431,FALSE,"{'text': 'Đã bán 490', 'value': 490}",4100000,TRUE,1,1/2/1789/28856,0,106499
204237269,2.02E+12,Điện Thoại Bàn Panasonic KX-TSC11 - Hàng Chính Hãng,dien-thoai-ban-panasonic-kx-tsc11-hang-chinh-hang-p204237269,dien-thoai-ban-panasonic-kx-tsc11-hang-chinh-hang-p204237269.html?spid=171865419,Panasonic,588000,0,0,0,5,44,https://salt.tikicdn.com/cache/280x280/ts/product/69/87/36/29423f1956f9bf6d3299a8dbb34dd704.jpg,2651,171865419,FALSE,"{'text': 'Đã bán 248', 'value': 248}",588000,TRUE,1,1/2/1789/8061,0,113592
121059239,4.70E+12,Máy Tính Bảng Samsung Galaxy Tab A7 Lite T225 3GB/32GB - Hàng Chính Hãng,may-tinh-bang-samsung-galaxy-tab-a7-lite-t225-3gb-32gb-hang-chinh-hang-p121059239,may-tinh-bang-samsung-galaxy-tab-a7-lite-t225-3gb-32gb-hang-chinh-hang-p121059239.html?spid=121059241,Samsung,3389000,0,1601000,32,5,94,https://salt.tikicdn.com/cache/280x280/ts/product/0f/c1/7c/ffaf035d28356283d4890b0142b2a66a.jpg,2645,121059241,FALSE,"{'text': 'Đã bán 335', 'value': 335}",4990000,TRUE,1,1/2/1789/1794,0,29952
181977398,5.99E+12,Điện thoại bàn Panasonic KX-TS880 hàng chính hãng,dien-thoai-ban-panasonic-kx-ts880-hang-chinh-hang-p181977398,dien-thoai-ban-panasonic-kx-ts880-hang-chinh-hang-p181977398.html?spid=181977400,Panasonic,1050000,0,0,0,4.8,10,https://salt.tikicdn.com/cache/280x280/ts/product/f8/c7/f6/e0e8a6f7589e1e80f0c88840c8c7408c.jpg,2651,181977400,FALSE,"{'text': 'Đã bán 40', 'value': 40}",1050000,TRUE,1,1/2/1789/8061,0,113592
139632023,1.81E+12,Máy đọc sách Kobo Libra 2 - hàng nhập khẩu,may-doc-sach-kobo-libra-2-p139632023,may-doc-sach-kobo-libra-2-p139632023.html?spid=140327945,Kobo,5250000,0,0,0,5,4,https://salt.tikicdn.com/cache/280x280/ts/product/f5/e5/82/331a50d0d1e2809ef32a38eb201197ad.jpg,2653,140327945,FALSE,"{'text': 'Đã bán 15', 'value': 15}",5250000,TRUE,1,1/2/1789/28856,0,7203
121744434,8.14E+12,Điện Thoại Xiaomi Redmi 10 4GB/128GB - Hàng Chính Hãng,dien-thoai-xiaomi-redmi-10-4gb-128gb-hang-chinh-hang-p121744434,dien-thoai-xiaomi-redmi-10-4gb-128gb-hang-chinh-hang-p121744434.html?spid=121744436,Xiaomi,3139000,0,1151000,27,4.8,48,https://salt.tikicdn.com/cache/280x280/ts/product/27/74/8d/a3d9712c7bf7dd0eae10ce781b386475.jpg,2647,121744436,FALSE,"{'text': 'Đã bán 131', 'value': 131}",4290000,TRUE,1,1/2/1789/1795,0,29952
173387789,7.92E+12,Máy đọc sách All New Kindle Oasis 3 - Hàng nhập khẩu,may-doc-sach-all-new-kindle-oasis-3-hang-nhap-khau-p173387789,may-doc-sach-all-new-kindle-oasis-3-hang-nhap-khau-p173387789.html?spid=173387791,Kindle,5790000,0,0,0,4.5,13,https://salt.tikicdn.com/cache/280x280/ts/product/30/ca/07/0807773d470e426aa2c80b8611245421.jpg,2653,173387791,FALSE,"{'text': 'Đã bán 54', 'value': 54}",5790000,TRUE,1,1/2/1789/28856,0,258361
31261844,5.02E+12,Điện Thoại Bàn Cố Định Không Dây Lắp Sim,dien-thoai-ban-co-dinh-khong-day-lap-sim-p31261844,dien-thoai-ban-co-dinh-khong-day-lap-sim-p31261844.html?spid=31261845,Huawei,445000,0,0,0,3.9,35,https://salt.tikicdn.com/cache/280x280/ts/product/b7/4b/30/15740537205344ced549c2ebba42fddc.jpg,2651,31261845,FALSE,"{'text': 'Đã bán 190', 'value': 190}",445000,TRUE,1,1/2/1789/8061,0,54082
191350420,5.79E+12,"Máy đọc sách Kindle Paperwhite Gen 4 10th màn hình 6 inch 300PPI, wifi, bluetooth, chống nước IPX8 - Hàng nhập khẩu",may-doc-sach-kindle-paperwhite-gen-4-10th-man-hinh-6-inch-300ppi-wifi-bluetooth-chong-nuoc-ipx8-hang-nhap-khau-p191350420,may-doc-sach-kindle-paperwhite-gen-4-10th-man-hinh-6-inch-300ppi-wifi-bluetooth-chong-nuoc-ipx8-hang-nhap-khau-p191350420.html?spid=191350424,Kindle,2803500,0,346500,11,5,15,https://salt.tikicdn.com/cache/280x280/ts/product/8b/8b/15/b03671952ebea8a0d9d9eff2255ad9c8.jpg,2653,191350424,FALSE,"{'text': 'Đã bán 74', 'value': 74}",3150000,TRUE,1,1/2/1789/28856,0,106499
197654695,9.51E+12,Điện thoại Masstel izi 26 4G - Gọi HD Call - Hàng chính hãng,dien-thoai-masstel-izi-26-4g-goi-hd-call-hang-chinh-hang-p197654695,dien-thoai-masstel-izi-26-4g-goi-hd-call-hang-chinh-hang-p197654695.html?spid=197654698,Masstel,479000,0,171000,26,4,5,https://salt.tikicdn.com/cache/280x280/ts/product/f5/0b/df/eb4084ef538dba69cc3bbeab80461504.jpg,2649,197654698,FALSE,"{'text': 'Đã bán 14', 'value': 14}",650000,TRUE,1,1/2/1789/1796,0,179232
197652030,7.08E+12,Điện thoại Masstel Lux 20 4G - Sang trọng - Gọi HD Call - Hàng chính hãng,dien-thoai-masstel-lux-20-4g-sang-trong-goi-hd-call-hang-chinh-hang-p197652030,dien-thoai-masstel-lux-20-4g-sang-trong-goi-hd-call-hang-chinh-hang-p197652030.html?spid=197652032,Massel,579000,0,221000,28,4.3,7,https://salt.tikicdn.com/cache/280x280/ts/product/b1/34/34/cbf32482a6649db2e46cb74f53d621ce.jpg,2649,197652032,FALSE,"{'text': 'Đã bán 24', 'value': 24}",800000,TRUE,1,1/2/1789/1796,0,179232
189466001,6.89E+12,Điện thoại Xiaomi Redmi 10A (2GB/32GB) - Hàng chính hãng,dien-thoai-xiaomi-redmi-10a-2gb-32gb-hang-chinh-hang-p189466001,dien-thoai-xiaomi-redmi-10a-2gb-32gb-hang-chinh-hang-p189466001.html?spid=189466007,Xiaomi,1949000,0,941000,33,1,1,https://salt.tikicdn.com/cache/280x280/ts/product/67/09/80/e96911f68a37664e0dac06e6de4801a7.jpg,2647,189466007,FALSE,"{'text': 'Đã bán 2', 'value': 2}",2890000,TRUE,1,1/2/1789/1795,0,162514
197960169,7.16E+12,Điện thoại Masstel Lux 10 4G - Sang trọng - Gọi HD Call - Hàng chính hãng,dien-thoai-masstel-lux-10-4g-sang-trong-goi-hd-call-hang-chinh-hang-p197960169,dien-thoai-masstel-lux-10-4g-sang-trong-goi-hd-call-hang-chinh-hang-p197960169.html?spid=197960191,Masstel,549000,0,151000,22,4,7,https://salt.tikicdn.com/cache/280x280/ts/product/dc/e8/0b/a19c2d9a850d2ae9a6c794d5317da574.jpg,2649,197960191,FALSE,"{'text': 'Đã bán 16', 'value': 16}",700000,TRUE,1,1/2/1789/1796,0,179232
226552005,2.63E+12,Điện thoại bàn Panasonic KX-TSC11 hàng chính hãng,dien-thoai-ban-panasonic-kx-tsc11-hang-chinh-hang-p226552005,dien-thoai-ban-panasonic-kx-tsc11-hang-chinh-hang-p226552005.html?spid=226552008,Panasonic,588000,0,0,0,5,22,https://salt.tikicdn.com/cache/280x280/ts/product/69/87/36/4fcb01acaff62b17012a91181a37ad27.jpg,2651,226552008,FALSE,"{'text': 'Đã bán 145', 'value': 145}",588000,TRUE,1,1/2/1789/8061,0,113592
11415485,6.05E+12,ĐIỆN THOẠI CỐ ĐỊNH PANASONIC KX-TS580MX,dien-thoai-co-dinh-panasonic-kx-ts580mx-hang-chinh-hang-p11415485,dien-thoai-co-dinh-panasonic-kx-ts580mx-hang-chinh-hang-p11415485.html?spid=53635663,Panasonic,940000,0,0,0,4.8,5,https://salt.tikicdn.com/cache/280x280/ts/product/af/54/58/7d7533b202de2b84d6595027e2d62f81.jpg,2651,53635663,FALSE,"{'text': 'Đã bán 28', 'value': 28}",940000,TRUE,1,1/2/1789/8061,0,119505
125590981,3.59E+12,Điện thoại Nokia C30 2GB/32GB - Hàng chính hãng,dien-thoai-nokia-c30-2gb-32gb-hang-chinh-hang-p125590981,dien-thoai-nokia-c30-2gb-32gb-hang-chinh-hang-p125590981.html?spid=125590983,Nokia,1550000,0,0,0,4.7,40,https://salt.tikicdn.com/cache/280x280/ts/product/ae/77/39/dc4d08a8b156a0c2f797f95a1860bc8c.jpg,2647,125590983,FALSE,"{'text': 'Đã bán 121', 'value': 121}",1550000,TRUE,1,1/2/1789/1795,0,222120
126050455,6.83E+12,Điện thoại Nokia C20 (2GB/16GB) - Hàng Chính Hãng,dien-thoai-nokia-c20-2gb-16gb-hang-chinh-hang-p126050455,dien-thoai-nokia-c20-2gb-16gb-hang-chinh-hang-p126050455.html?spid=135538846,Nokia,1299000,0,991000,43,4.6,17,https://salt.tikicdn.com/cache/280x280/ts/product/64/8d/e8/3981280bfb0f2215004064f6ab8f93c6.jpg,2647,135538846,FALSE,"{'text': 'Đã bán 112', 'value': 112}",2290000,TRUE,1,1/2/1789/1795,0,179232
270794184,7.81E+12,Máy đọc sách Kobo Clara - Hàng Chính Hãng,may-doc-sach-kobo-clara-hang-chinh-hang-p270794184,may-doc-sach-kobo-clara-hang-chinh-hang-p270794184.html?spid=137948561,Kobo,2899000,0,26000,1,5,19,https://salt.tikicdn.com/cache/280x280/ts/product/df/2e/70/0b6bbfe30368b689dae79b3aab01cf20.jpg,2653,137948561,FALSE,"{'text': 'Đã bán 41', 'value': 41}",2925000,TRUE,1,1/2/1789/28856,0,211303
170165701,8.50E+12,Điện thoại bàn Ktel 645 hàng chính hãng,dien-thoai-ban-ktel-645-hang-chinh-hang-p170165701,dien-thoai-ban-ktel-645-hang-chinh-hang-p170165701.html?spid=170165703,KTEL,398000,0,0,0,5,11,https://salt.tikicdn.com/cache/280x280/ts/product/ee/92/92/def752a331e3d6c937308018f66aef33.jpg,2651,170165703,FALSE,"{'text': 'Đã bán 56', 'value': 56}",398000,TRUE,1,1/2/1789/8061,0,113592
150724369,1.18E+12,"Máy tính bảng Fire HD10 2021 - 11th - (All New Fire HD10 - 2021) - Ram 3/4GB, bộ nhớ 32GB, màn hình 1080 FullHD",may-tinh-bang-fire-hd10-2021-11th-all-new-fire-hd10-2021-ram-3gb-bo-nho-32gb-man-hinh-1080-fullhd-p150724369,may-tinh-bang-fire-hd10-2021-11th-all-new-fire-hd10-2021-ram-3gb-bo-nho-32gb-man-hinh-1080-fullhd-p150724369.html?spid=150724377,OEM,3500000,0,0,0,4.8,18,https://salt.tikicdn.com/cache/280x280/ts/product/1c/4a/8d/e6dd24e3fc839766552fb4180bcb07c4.jpg,2645,150724377,FALSE,"{'text': 'Đã bán 61', 'value': 61}",3500000,TRUE,1,1/2/1789/1794,0,106499
172329599,5.16E+12,Điện thoại Xiaomi Redmi 9A (2GB/32GB) - Hàng chính hãng,dien-thoai-xiaomi-redmi-9a-2gb-32gb-hang-chinh-hang-p172329599,dien-thoai-xiaomi-redmi-9a-2gb-32gb-hang-chinh-hang-p172329599.html?spid=172331261,Xiaomi,1750000,0,449000,20,0,0,https://salt.tikicdn.com/cache/280x280/ts/product/bd/2e/b8/6006994eca7ae21a0d38de2c315f77b1.jpg,2647,172331261,FALSE,"{'text': 'Đã bán 26', 'value': 26}",2199000,TRUE,1,1/2/1789/1795,0,179232
168526284,3.98E+12,Điện thoại Nokia 105 4G - Hàng chính hãng,dien-thoai-nokia-105-4g-hang-chinh-hang-p168526284,dien-thoai-nokia-105-4g-hang-chinh-hang-p168526284.html?spid=168526306,Nokia,675000,0,94000,12,3.6,7,https://salt.tikicdn.com/cache/280x280/ts/product/bf/73/8d/d91f8ae382852451905133bd07683642.jpg,2649,168526306,FALSE,"{'text': 'Đã bán 20', 'value': 20}",769000,TRUE,1,1/2/1789/1796,0,179232
164318603,9.08E+12,Điện thoại bàn Panasonic KX-TGF310 hàng chính hãng,dien-thoai-ban-panasonic-kx-tgf310-hang-chinh-hang-p164318603,dien-thoai-ban-panasonic-kx-tgf310-hang-chinh-hang-p164318603.html?spid=164318604,Panasonic,2390000,0,0,0,5,6,https://salt.tikicdn.com/cache/280x280/ts/product/dc/72/f9/bbe51405ebc1681123970efd01f32163.jpg,2651,164318604,FALSE,"{'text': 'Đã bán 34', 'value': 34}",2390000,TRUE,1,1/2/1789/8061,0,113592
184578632,7.03E+12,Điện thoại Itel it9010 4G - Hàng chính hãng,dien-thoai-itel-it9010-4g-hang-chinh-hang-p184578632,dien-thoai-itel-it9010-4g-hang-chinh-hang-p184578632.html?spid=273684390,Itel,399000,0,0,0,0,0,https://salt.tikicdn.com/cache/280x280/ts/product/98/de/7a/ab7fd64852ee97c026915904d1a3da7c.jpg,2649,273684390,FALSE,"{'text': 'Đã bán 2', 'value': 2}",399000,TRUE,1,1/2/1789/1796,0,734
42333095,1.06E+12,"Điện thoại cố định không dây cho người già, màn hình hiển thị đầu số - Hàng chính hãng",dien-thoai-co-dinh-khong-day-cho-nguoi-gia-man-hinh-hien-thi-dau-so-hang-chinh-hang-p42333095,dien-thoai-co-dinh-khong-day-cho-nguoi-gia-man-hinh-hien-thi-dau-so-hang-chinh-hang-p42333095.html?spid=43808820,Huawei,490000,0,0,0,3.7,3,https://salt.tikicdn.com/cache/280x280/ts/product/76/d8/38/696f093021940f0ffe332f2fb05e0971.jpg,2651,43808820,FALSE,"{'text': 'Đã bán 13', 'value': 13}",490000,TRUE,1,1/2/1789/8061,0,54082
181264344,3.29E+12,"Điện thoại oukitel  k15 pro (chống sốc,pin khủng,pin 10.000mAh ,Ram 8Gb,Rom 128Gb) – hàng chính hãng",dien-thoai-oukitel-k15-pro-chong-soc-pin-khung-pin-10-000mah-ram-6gb-rom-128gb-hang-chinh-hang-p181264344,dien-thoai-oukitel-k15-pro-chong-soc-pin-khung-pin-10-000mah-ram-6gb-rom-128gb-hang-chinh-hang-p181264344.html?spid=181264345,Oukitel,4990000,0,0,0,4.2,5,https://salt.tikicdn.com/cache/280x280/ts/product/09/bf/3c/ba244a453297ca42f7c64563c06e6ca8.jpg,2647,181264345,FALSE,"{'text': 'Đã bán 13', 'value': 13}",4990000,TRUE,1,1/2/1789/1795,0,2350
195317118,2.07E+12, Máy tính bảng Oppo Pad Air (4GB/64GB) - Hàng Chính Hãng,may-tinh-bang-oppo-pad-air-hang-chinh-hang-p195317118,may-tinh-bang-oppo-pad-air-hang-chinh-hang-p195317118.html?spid=195317119,OPPO,5490000,0,1509000,22,5,11,https://salt.tikicdn.com/cache/280x280/media/catalog/producttmp/b0/f2/40/1f55a33cdb9b02a71b89f6dc74b9d5a2.jpg,2645,195317119,FALSE,"{'text': 'Đã bán 55', 'value': 55}",6999000,TRUE,1,1/2/1789/1794,0,1
43924153,7.20E+12,Máy đọc sách Kindle Oasis 3 (2019) - Amazon - Hàng nhập khẩu,may-doc-sach-kindle-oasis-3-2019-amazon-hang-nhap-khau-p43924153,may-doc-sach-kindle-oasis-3-2019-amazon-hang-nhap-khau-p43924153.html?spid=173476396,Kindle,5790000,0,0,0,4.3,6,https://salt.tikicdn.com/cache/280x280/ts/product/6d/27/39/6253590e72bddd5d13263f3732a606cc.jpg,2653,173476396,FALSE,"{'text': 'Đã bán 35', 'value': 35}",5790000,TRUE,1,1/2/1789/28856,0,258361
181266509,3.05E+12,"Điện thoại Ulefone Armor 14 pro (chống nước,chống va đập,pin khủng,pin 10.000mAh,Ram 8Gb,Rom 128Gb)- hàng chính hãng",dien-thoai-ulefone-armor-14-chong-nuoc-chong-va-dap-pin-khung-pin-10-000mah-ram-4gb-rom-64gb-p181266509,dien-thoai-ulefone-armor-14-chong-nuoc-chong-va-dap-pin-khung-pin-10-000mah-ram-4gb-rom-64gb-p181266509.html?spid=181266510,Ulefone,7990000,0,0,0,5,4,https://salt.tikicdn.com/cache/280x280/ts/product/cc/02/3a/1d54b42c01e58cfcc866585cb61f7ee6.jpg,2647,181266510,FALSE,"{'text': 'Đã bán 6', 'value': 6}",7990000,TRUE,1,1/2/1789/1795,0,2350
